id_room,title,source_id,dating_original,dating_start,dating_end,room_functions,iconclasses,iconclassses_level_0,iconclassses_level_1
350,Einstiger Ordenssaal,011d6f41-e5ea-4ca7-8b90-f4d95c13ec45,1712-1715,1712.0,1715.0,HALLS,"26A,96C(AENEAS)3,96C(AENEAS)69","2,9,9","26,96,96"
365,Akademiesaal,10b9f847-28f4-4e51-8d0c-8c22125c53ba,1786-1787,1786.0,1787.0,HALLS,"48C753,93A,93A1","4,9,9","48,93,93"
368,Das sog. Kronprinzenempfangszimmer (Weißer Empiresalon),c1a4d23b-1719-41aa-bc3b-9689a78ca846,1710-29,1710.0,1729.0,PRESENCE_CHAMBERS,95B(NIOBE)62,9,95
380,Das Treppenhaus und Vestibül,e2b77e9a-d08a-4483-bedc-7b5167c74105,1737-1747,1737.0,1747.0,STAIRWELLS,"43C111241,43C11311,92C3,92C378,92D1916","4,4,4,4,9,9,9,9,9,9","43,43,43,43,92,92,92,92,92,92"
380,Das Treppenhaus und Vestibül,e2b77e9a-d08a-4483-bedc-7b5167c74105,1737-1747,1737.0,1747.0,VESTIBULES,"43C111241,43C11311,92C3,92C378,92D1916","4,4,4,4,9,9,9,9,9,9","43,43,43,43,92,92,92,92,92,92"
425,Der ehemalige Speisesaal,fdbee312-eb93-4faf-a85d-26b531f791f6,1610-1615,1610.0,1615.0,BANQUET_HALLS,"11M31,11M44","1,1","11,11"
440,Das Schlafzimmer (Garteneckzimmer),187fba9b-9ca6-4973-af32-f98784cbb4d7,1715-19,1715.0,1719.0,BEDROOMS,"25I12,46C223,61E(VALLETTA),92B1222","2,4,6,9","25,46,61,92"
476,Kabinett I,77d0399d-f603-4ccf-89a6-c10aa268f9c4,1714-1719,1714.0,1719.0,CABINETS_ROOMS,"11I16,31A534,31D14,49N","1,3,3,4","11,31,31,49"
482,Das Schlafzimmer des Clemens August,d6fe4fdb-6c9e-4b89-88e9-04785c3aef1c,1737-1747,1737.0,1747.0,BEDROOMS,"11H(HUBERT)34,22D9,31B1,43C11,92D1916","1,2,3,4,9","11,22,31,43,92"
491,Der Eingangsflur im Appartement der Kurfürstin,0f1f5963-a2f4-4b34-8d46-06a6e8b738a9,1696-1698,1696.0,1698.0,CORRIDORS,"52A6,57A75","5,5","52,57"
503,Der Hauptsaal,be464171-90c2-402e-ba0d-293d2fbd78e2,1601,1601.0,1601.0,MAIN_HALLS,"25H,48C1","2,4","25,48"
530,Unteres Vestibül,19daeb90-9e99-4436-a59c-2c24f0a870e9,1711-1712,1711.0,1712.0,VESTIBULES,"59B32,59B5","5,5","59,59"
536,Das westliche Kabinett,d1e0c261-30a8-478f-9560-4fad930d76b5,1696-1698,1696.0,1698.0,CABINETS_ROOMS,"48C75,92C478,92D1916","4,9,9","48,92,92"
545,Die Schlafkammer des Großen Kurfürsten (801/803),cde7a5ad-5307-4943-85df-b65497a068ef,1680,1680.0,1680.0,BEDROOMS,"98B(ACHILL)9,98B(HESIOD)9,98B(HOMER)9,98B(TETIS)9","9,9,9,9","98,98,98,98"
569,Der Saal im  Obergeschoss,2d33fe09-0903-4db5-835d-f8db5456722a,1600,1600.0,1600.0,HALLS,"11G1911,31A45,48A983","1,3,4","11,31,48"
578,Der Saal im ersten Obergeschoss,04e4d934-8a29-48bf-b993-dc0bb19d25e7,um 1780,1780.0,1780.0,BANQUET_HALLS,"25G41,31D11221,31D16,34B11,34B12,41A17,41A343,41C41,42A3,42A5,43B31,43C51,43C7,46C1261,47I15(BESEN),47I15(KORB),47I15(SEILE),47I15(SIEBE),47I17(HAY),47I2141,48C72,92L418","2,3,3,3,3,3,4,4,4,4,4,4,4,4,4,4,4,4,4,4,4,4,4,4,9","25,31,31,34,34,34,41,41,41,41,42,42,43,43,43,43,46,47,47,47,47,47,47,48,92"
584,Der ehemalige Saal im ersten Obergeschoss,cfe0c2dd-5311-48f2-b765-708500803f9d,1600-1630,1600.0,1630.0,MAIN_HALLS,"25F24(STAG),25HH1,25HH2,31A456,46C13183,48A983,48A98312,92D1916","2,2,2,3,4,4,4,9","25,25,25,31,46,48,48,92"
596,Kleines Schlafgemach im  Appartement Kurfürstin Sophie Charlottes,0d1b5e02-57f8-49ca-b676-342e6f24abdc,1685/1690,1685.0,1690.0,BEDROOMS,"92C4211,92D1521","9,9","92,92"
614,Das Vorzimmer (Roter Salon),65d41ef1-b748-4687-9be4-f78d2068af77,1715-19,1715.0,1719.0,ANTEROOMS,"92C45,96B661,96C(AENEAS)5","9,9,9","92,96,96"
620,Das sogenannte Gelbe Gemach,fb218b78-5b32-4232-9c40-38ccf59535d7,1686-1688,1686.0,1688.0,ANTEROOMS,25HH,2,25
644,Der Zuschauerraum,a00c425c-5f9a-4118-a0ed-ef22f5b3e1e2,1727-1728,1727.0,1728.0,THEATERS_ROOMS,"92B373,92B3731,92B5,92D421,92D424,92D425,92D426,93D1","9,9,9,9,9,9,9,9","92,92,92,92,92,92,92,93"
647,Rittersaal (792),0c8e5591-1b4d-41ca-bc8f-aed26d80a9fe,1702-1703,1702.0,1703.0,BANQUET_HALLS,"44A51,44A51(...),52A2,92D1916","4,4,5,9","44,44,52,92"
653,Hauptsaal,95eea590-efcf-4578-b99f-e918e529ea7a,1682,1682.0,1682.0,MAIN_HALLS,"11M4,42A18,96A27","1,4,9","11,42,96"
665,Der Hauptsaal,c885430f-cc23-46f1-84c8-12d628109f8e,1744-1748,1744.0,1748.0,MAIN_HALLS,61B2,6,61
671,Das östliche Kabinett,afffa305-635d-4127-99d7-085d21fa3ed5,1696-1698,1696.0,1698.0,CABINETS_ROOMS,59B32,5,59
674,Das sogenannte Eckgemach,86d7d467-d8c3-4617-bcaa-79e9b47f2737,1686-1688,1686.0,1688.0,CABINETS_ROOMS,25HH,2,25
680,Vorsaal,957662d5-3e63-4c43-b2df-2f668043b8bd,1707-1710,1707.0,1710.0,ANTE_HALLS,5(+4),"5,5,5,5,5,5,5,5,5","5(+4),5(+4),5(+4),5(+4),5(+4),5(+4),5(+4),5(+4),5(+4)"
689,Der so genannte Große Salon,1d096334-e3ef-4319-be60-654850d18283,1698-1710,1698.0,1710.0,MAIN_HALLS,"21A,21B,21C,21D,92C4,92D1,92D1916,92I2278,92M1,92N171,93E4,96A23,96A5(FAMA)","2,2,2,2,9,9,9,9,9,9,9,9,9","21,21,21,21,92,92,92,92,92,92,93,96,96"
692,Der Salon,2a742ec3-3f2a-4484-837e-2545a05f8800,1737-1747,1737.0,1747.0,MAIN_HALLS,"21,21A,21B,21C,21D,23D4,23D41,23D42,23D43,23D44,41B211,43C244,92D1916,92L1,92M1,96A23","2,2,2,2,2,2,2,2,2,2,4,4,9,9,9,9","21,21,21,21,21,23,23,23,23,23,41,43,92,92,92,96"
713,Treppenhaus,fbd529fc-ba25-4fbf-a022-fefa0f3444a7,1780,1780.0,1780.0,STAIRWELLS,44B191,4,44
725,Das Audienzzimmer des Herzogs,72b6cceb-d580-4421-bcbb-5d7dcce5352b,1680-1686,1680.0,1686.0,PRESENCE_CHAMBERS,25HH,"2,2","25,25"
737,Der Kleine Saal (Speisesaal),42df6f06-8651-4406-a8fe-86d99793ef2c,1743-51,1743.0,1751.0,BANQUET_HALLS,"94D132,95A(HECTOR)5,95A(PRIAM)68,95B(CASSANDRA)6,96B113,96B114,96B12,96B13,96B17,96B232","9,9,9,9,9,9,9,9,9,9","94,95,95,95,96,96,96,96,96,96"
752,Speisesaal,3838ea21-7bc5-4d22-a2e1-eb98143ab0bd,1698-1700,1698.0,1700.0,BANQUET_HALLS,"23D41,23D42,23D43,23D44,91B1118","2,2,2,2,9","23,23,23,23,91"
797,Das Tafelzimmer im 1.OG,232d8942-0301-4ddc-b90c-68a3fb259814,1762-1767,1762.0,1767.0,MANSION_DINING_ROOMS,25I9,"2,2","25,25"
803,Rittersaal,9646ae32-0b1c-4ca1-96d7-1b7b97aa05bd,1732,1732.0,1732.0,HALLS,"25F33(Falcon),48C72","2,4","25,48"
806,Festsaal,5dac3ff3-5baf-43b8-9333-51a55855ca5d,1765–1770,1765.0,1770.0,HALLS,"21D,23A1,25A13,25B1,25B2,25B3,25B4,25D21,25D32,25F24(CAMEL),25F37(CRANE),25F38(OSTRICH),25F43(CROCODILE),25G3,25G41,25H112,25H2130,26A,41D262,41D2632,41D26611,44G(+35),45A1,46B311,46B4941,46C21,47H6,48C5152,48C5153,48C7311,49L6451,59B32,92B11221,92B57,92B58(CADUCEUS),92B58(PETASUS),92B58(WINGEDSANDALS),92D19162,92H171,92H18(TRIDENT)","2,2,2,2,2,2,2,2,2,2,2,2,2,2,2,2,2,2,4,4,4,4,4,4,4,4,4,4,4,4,4,5,9,9,9,9,9,9,9,9","21,23,25,25,25,25,25,25,25,25,25,25,25,25,25,25,25,26,41,41,41,44,45,46,46,46,47,48,48,48,49,59,92,92,92,92,92,92,92,92"
830,Das Gemach der Herzogin,44740c7c-b71f-42fd-b87d-1887598c7b79,1680-1686,1680.0,1686.0,PRESENCE_CHAMBERS,25HH,2,25
839,Treppenhaus,b598d69f-4ccf-4e46-a776-36f36357dcbf,1700-1702,1700.0,1702.0,STAIRWELLS,"12EE13(SATURN),46C13185,46C14923,92B371,92B391,92B39113,92B39117","1,4,4,9,9,9,9,9","12,46,46,92,92,92,92,92"
845,Der neue Hauptsaal,7d711157-edf6-4d65-aa10-ea2c647cb132,1683-1686,1683.0,1686.0,BANQUET_HALLS,"31A25(+31),31A25(+32),31A25(+933),31A2516(+31),31A2516(+32),31A2518(+31),31A2531(+933),31A2532(+933),31A44412,31A533(FULLBOTTOMED WIG),31A534,31A5341,31AA25,41D212,41D22,41D221(ERMINE CAP),41D221(HAT),41D222(CRAVAT),41D222(ERMINE COLLAR),41D222(FRILL),41D222(LACE COLLAR),41D222(WING COLLAR),41D223,41D223(JERKIN),41D225,41D2653,41D2657,44A1,44B114(DUKE),44B114(EARL),44B114(ELECTOR),44B114(MARGRAVE),44B15121,44B1922,44B196,44B1971,44B198,45C13(SWORD),45C22,45C221,61B2(ALBRECHT - SACHSEN-COBURG, HERZOG)11(+521),61B2(ALBRECHT - SACHSEN-EISENACH, HERZOG)11(+522),61B2(BERNHARD - SACHSEN-MEININGEN, HERZOG, 1)11(+521),61B2(BERNHARD - SACHSEN-WEIMAR, HERZOG, 1)11(+522),61B2(CHRISTIAN - SACHSEN-EISENBERG, HERZOG)11(+521),61B2(DEDO - SACHSEN, GRAF, 1)11(+522),61B2(DIETMAR - SACHSEN, GRAF)11(+521),61B2(DIETRICH - LANDSBERG, MARKGRAF, 2)11(+521),61B2(DIETRICH - MEISSEN-LANDSBERG, MARKGRAF)11(+521),61B2(DIETRICH - SACHSEN, GRAF)11(+521),61B2(DITGRAM - SACHSEN, FUERST)11(+522),61B2(ERNST - SACHSEN, KURFUERST, 2)11(+521),61B2(ERNST - SACHSEN-GOTHA, HERZOG, 1, DER FROMME)11(+522),61B2(ERNST - SACHSEN-HILDBURGHAUSEN, HERZOG)11(+522),61B2(FREDERICH - SACHSEN, GRAF)11(+521),61B2(FRIEDRICH - SACHSEN, HERZOG)11(+51),61B2(FRIEDRICH - SACHSEN, KURFUERST, 3, DER WEISE)11(+522),61B2(FRIEDRICH - SACHSEN-GOTHA, HERZOG, 2)11(+522),61B2(HEINRICH - , FUERST, DER ERLAUCHTE)11(+522),61B2(HEINRICH - SACHSEN-ROEMHILD, HERZOG)11(+521),61B2(JOHANN - SACHSEN, KURFUERST, DER BESTAENDIGE)11(+521),61B2(JOHANN CASIMIR - SACHSEN-COBURG, HERZOG)11(+522),61B2(JOHANN ERNST - SACHSEN-EISENACH, HERZOG)11(+522),61B2(JOHANN ERNST - SACHSEN-SAALFELD, HERZOG)11(+522),61B2(JOHANN PHILIPP - SACHSEN-ALTENBURG, HERZOG)11(+522),61B2(JOHANN WILHELM - SACHSEN-WEIMAR, HERZOG)11(+522),61B2(JOHANNES - SACHSEN-WEIMAR, HERZOG)11(+522),61B2(KONRAD - MEISSEN-LANDSBERG, MARKGRAF, 1)11(+522),61B2(OTTO - MEISSEN, MARKGRAF, DER REICHE)11(+521),61B2(THIMO - LANDSBERG-MEISSEN, MARKGRAF)11(+522),61B2(WEDEKIND - SACHSEN, GRAF, 2)11(+521),61B2(WIDUKIND - SACHSEN, HERZOG)11(+522),61B2(WILHELM - SACHSEN-WEIMAR, HERZOG, 4)11(+521)","3,3,3,3,3,3,3,3,3,3,3,3,3,3,3,3,3,3,3,3,3,3,3,3,3,3,3,3,3,3,3,3,3,3,3,3,3,3,3,3,3,3,3,3,3,3,3,3,3,3,3,3,3,3,3,3,3,3,3,3,3,3,3,3,3,3,3,3,3,3,3,3,3,3,3,3,3,3,3,3,3,3,3,3,4,4,4,4,4,4,4,4,4,4,4,4,4,4,4,4,4,4,4,4,4,4,4,4,4,4,4,4,4,4,4,4,4,4,4,4,4,4,4,4,4,4,4,4,4,4,4,4,4,4,4,4,4,4,4,4,4,4,4,4,4,4,4,4,4,4,4,4,4,4,4,4,4,4,4,4,4,4,4,4,4,4,4,4,4,4,4,4,4,4,4,4,4,4,4,4,4,4,4,4,4,4,4,4,4,4,4,4,4,4,4,4,4,4,4,4,4,4,4,4,4,4,4,4,4,4,4,4,4,4,4,4,4,4,4,4,4,4,4,4,4,4,4,4,4,4,4,4,4,4,4,4,4,4,4,4,4,4,4,4,4,4,4,4,4,4,4,4,4,4,4,4,4,4,4,4,4,4,4,4,4,4,4,4,4,4,4,4,4,4,4,4,6,6,6,6,6,6,6,6,6,6,6,6,6,6,6,6,6,6,6,6,6,6,6,6,6,6,6,6,6,6,6,6,6,6,6","31,31,31,31,31,31,31,31,31,31,31,31,31,31,31,31,31,31,31,31,31,31,31,31,31,31,31,31,31,31,31,31,31,31,31,31,31,31,31,31,31,31,31,31,31,31,31,31,31,31,31,31,31,31,31,31,31,31,31,31,31,31,31,31,31,31,31,31,31,31,31,31,31,31,31,31,31,31,31,31,31,31,31,31,41,41,41,41,41,41,41,41,41,41,41,41,41,41,41,41,41,41,41,41,41,41,41,41,41,41,41,41,41,41,41,41,41,41,41,41,41,41,41,41,41,41,41,41,41,41,41,41,41,41,41,41,41,41,41,41,41,41,41,41,41,41,41,41,41,41,41,41,41,41,41,41,41,41,41,41,41,44,44,44,44,44,44,44,44,44,44,44,44,44,44,44,44,44,44,44,44,44,44,44,44,44,44,44,44,44,44,44,44,44,44,44,44,44,44,44,44,44,44,44,44,44,44,44,44,44,44,44,44,44,44,44,44,44,44,44,44,44,44,44,44,44,44,44,44,44,44,44,44,44,44,45,45,45,45,45,45,45,45,45,45,45,45,45,45,45,45,45,45,45,45,45,45,45,45,45,45,45,45,45,45,45,45,45,45,45,45,45,45,45,45,45,61,61,61,61,61,61,61,61,61,61,61,61,61,61,61,61,61,61,61,61,61,61,61,61,61,61,61,61,61,61,61,61,61,61,61"
851,Das Vorzimmer (Raum 201),5b8ad27a-91fe-4740-b7fb-33d792b4f1b5,1764-1771,1764.0,1771.0,ANTEROOMS,"25F23,25H11,25H112,25HH1,25HH11,25HH15,25HH213,43C11,43C111241,71A25","2,2,2,2,2,2,2,2,2,4,4,4,4,7","25,25,25,25,25,25,25,25,25,43,43,43,43,71"
878,Die Schlosskirche,455ff2f4-6bc7-4afe-bfec-773ee6ee8699,"1643-1646, 1687-1697",1643.0,1697.0,ROYAL_CHAPELS_ROOMS,"11C12,11D3275,11G21,11G23,11G41(+0),11H(DONATUS),11H(JOHN),11H(LUKE),11H(MARK),11H(MATTHEW),11I41,11Q21,12B61,25G1(+22),25G3(LAUREL),25H13,25H154,26E,31A71,31A72,31AA233,31B1,33B1,34B11,41B4,42E141,42F61,44B1,44B45,44B61,45A2,45A20,45A22,45A232,45C13(SWORD),45I5,45L3,46C131,46C22(+0),47I213,49E2513,51H42,54F11,71B33221,71C118,73G211","1,1,1,1,1,1,1,1,1,1,1,1,1,1,2,2,2,2,2,3,3,3,3,3,3,4,4,4,4,4,4,4,4,4,4,4,4,4,4,4,4,4,4,4,4,5,5,5,7,7,7","11,11,11,11,11,11,11,11,11,11,11,11,11,12,25,25,25,25,26,31,31,31,31,33,34,41,42,42,44,44,44,45,45,45,45,45,45,45,45,45,45,46,46,47,49,51,54,54,71,71,73"
887,Der ehem. Grottensaal,ab1fcecc-09f1-489d-b02c-3d7ffc76f61c,1712–1714,1712.0,1714.0,HALLS,"25F27(DOLPHIN),25H23,26A3,31AA,31AA(+2),92H171,92H1781,92H18(TRIDENT),92H2,92I2,92I2278","2,2,2,3,3,9,9,9,9,9,9","25,25,26,31,31,92,92,92,92,92,92"
890,Paradeschlafzimmer des Herzogs,9a5867e0-61d7-48ea-976d-b1ffc084b301,1690,1690.0,1690.0,BEDROOMS,"23R110,92D1916","2,9","23,92"
905,Das Porzellankabinett,f38d4885-2008-40b1-9788-ace4c97ade73,"1695-1699, 1723-1726",1695.0,1726.0,CABINETS_ROOMS,"23D4,23D41,23D42,23D43,23D44,31D1,31D1120,31D120,31D130,31D140,31D15,31D160,31D2(4),53C11","2,2,2,2,2,2,2,2,2,2,3,3,3,3,3,3,3,3,3,3,3,3,3,3,3,3,5,5","23,23,23,23,23,23,23,23,23,23,31,31,31,31,31,31,31,31,31,31,31,31,31,31,31,31,53,53"
905,Das Porzellankabinett,f38d4885-2008-40b1-9788-ace4c97ade73,"1695-1699, 1723-1726",1695.0,1726.0,GALLERIES_DISPLAY_SPACES,"23D4,23D41,23D42,23D43,23D44,31D1,31D1120,31D120,31D130,31D140,31D15,31D160,31D2(4),53C11","2,2,2,2,2,2,2,2,2,2,3,3,3,3,3,3,3,3,3,3,3,3,3,3,3,3,5,5","23,23,23,23,23,23,23,23,23,23,31,31,31,31,31,31,31,31,31,31,31,31,31,31,31,31,53,53"
908,Indianisches Lackkabinett,d2be8d17-daaa-42e8-972e-e0ff95700d9c,1714-1722,1714.0,1722.0,CABINETS_ROOMS,"25F,25G3,25K3,48C1","2,2,2,4","25,25,25,48"
914,Die ehemalige Garderobe,ec98a0ea-2804-49a0-bf2d-7870e14b179d,1680,1680.0,1680.0,ANTEROOMS,"11C,11I41","1,1","11,11"
926,Östliches Kabinett,327df169-c1f3-4200-a753-fabb7fd03aa0,1680/1684,1680.0,1684.0,CABINETS_ROOMS,"44B113,44B191,44B192,48A9833,48A9863,92D1916","4,4,4,4,4,9","44,44,44,48,48,92"
935,Schlafzimmer der Freiin,7deb7ebe-447d-4ca9-b82b-7440e1384c91,1698-1700,1698.0,1700.0,BEDROOMS,94P212,9,94
941,Saal,cbd53ae0-c970-11e9-b5ad-295696610c6d,1760-1762,1760.0,1762.0,HALLS,"92C4211,92K1","9,9","92,92"
947,Der ehemalige Hauptsaal,1d0f3ddf-0a71-45b8-86b5-662f0a0f704e,1730-1734,1730.0,1734.0,MAIN_HALLS,"23A33,31B71,41C5,45A233,52A6,57A75,91B1117,92B17,92B3711,92C17,92C27,92C371,92C473,92D17,92D192,92D3,92D421,92D422,92D423,92D424,92D425,92D426,92D427,92D428,92D429,92D87,92E52,92E54,92L17,92L27,92L3,92L4217,92L57,92M17,96A237,96A5(SALUS)","2,3,4,4,5,5,9,9,9,9,9,9,9,9,9,9,9,9,9,9,9,9,9,9,9,9,9,9,9,9,9,9,9,9,9,9","23,31,41,45,52,57,91,92,92,92,92,92,92,92,92,92,92,92,92,92,92,92,92,92,92,92,92,92,92,92,92,92,92,92,96,96"
953,Weißer Saal,cf6ab371-6e9c-40b0-aa2b-7763fa654cc5,1727–1731,1727.0,1731.0,HALLS,"26C,59B32","2,5","26,59"
971,Treppenhaus,5152dcd0-d312-4323-82ed-ea1afedef519,1724-1729,1724.0,1729.0,STAIRWELLS,"11E1,11E541,11H(VITUS),44B10,52A2,73G2","1,1,1,4,5,7","11,11,11,44,52,73"
977,Das so genannte Spiegelgemach,eb2da33d-8ffe-4de4-8788-e3e06458c2e0,1720-1730,1720.0,1730.0,CABINETS_ROOMS,"25F3,48A9872,48AA9821,48AA98333","2,4,4,4","25,48,48,48"
986,Der Mittelsaal im Erdgeschoss,0f3afac5-517a-4b60-99b3-3a10746f1310,1732-1752,1732.0,1752.0,MAIN_HALLS,"71I323,71I334","7,7","71,71"
992,Der Hauptsaal,0a90d587-472b-47a8-88ce-4eb61c105cff,1678-1683,1678.0,1683.0,MAIN_HALLS,"92H141,96B113,96B6,96B652,96B8344,96C,96C(AENEAS)211","9,9,9,9,9,9,9,9,9,9,9","92,96,96,96,96,96,96,96,96,96,96"
995,Vorzimmer,556b3dfe-52a0-419e-aa6d-5ffd7eda5b1a,1706-1710,1706.0,1710.0,ANTEROOMS,"11Q71456,25F24(BOAR),25F33,25F37(HERON),34B1311,43C113,43C11311,43C1147,92C37,92L41","1,2,2,2,2,3,4,4,4,9,9","11,25,25,25,25,34,43,43,43,92,92"
1001,Schlafzimmer im Gästeappartement,0fec8587-834f-4187-9b31-48c971e6c829,1680/1684,1680.0,1684.0,BEDROOMS,"21B,21D,43C1281(+0),92B1711,92B3711,92C37,92C392,92D1916,93B,97CC21","2,2,4,9,9,9,9,9,9,9,9","21,21,43,92,92,92,92,92,92,93,97"
1004,Kapellenraum,9abbdb8c-31d4-4520-a4ce-fc58b1922fb0,1673-1679,1673.0,1679.0,ROYAL_CHAPELS_ROOMS,"11H(ANTONY OF PADUA),11H(JOSEPH),46A122(PREYSING)1","1,1,4","11,11,46"
1019,Das ehemalige Vorzimmer,45737570-3a2a-436a-8047-41232775667c,1680,1680.0,1680.0,ANTEROOMS,71M,7,71
1028,Das ehemalige Speisezimmer,2ba6a59d-b737-48b7-8e9e-0d1e70a30d20,1680,1680.0,1680.0,MANSION_DINING_ROOMS,52A6,5,52
1031,Das ehemalige Speisezimmer,9b6ddc56-e7c2-4971-8acf-44b51ef59270,1766-1771,1766.0,1771.0,BANQUET_HALLS,"23D41(+4),23D42(+4),23D43(+5),23D44(+4)","2,2,2,2","23,23,23,23"
1037,Schlosskapelle,fbbffdc3-3af2-453d-b07c-b5418ac0a0fe,1603-09,1603.0,1609.0,ROYAL_CHAPELS_ROOMS,"11D122,11E54,11E541,11E547,11G,11G1925,11G1926,11G21,11L14,11L2,11M31,11MM312,11U3,12B2121,12F2121,23A1,25G21,44G03,47I4223,48A9872,52A6(+1),52A6(+2),72,72B,73D,73D3141,73D81,73D82,73D82(+3),92D1916","1,1,1,1,1,1,1,1,1,1,1,1,1,1,1,2,2,2,2,2,4,4,4,4,4,5,5,7,7,7,7,7,7,7,9","11,11,11,11,11,11,11,11,11,11,11,11,11,12,12,23,25,25,25,25,44,47,48,48,48,52,52,72,72,73,73,73,73,73,92"
1049,Die ehemalige Garderobe,74ad7c70-75a5-44ec-8514-28e0995fb433,1680,1680.0,1680.0,ANTEROOMS,"11I32,71P4142,73F2","1,1,7,7,7,7","11,11,71,71,73,73"
1049,Die ehemalige Garderobe,74ad7c70-75a5-44ec-8514-28e0995fb433,1680,1680.0,1680.0,WARDROBES_ROOMS,"11I32,71P4142,73F2","1,1,7,7,7,7","11,11,71,71,73,73"
1058,Hauptsaal,cf4e4970-c5a9-11e9-b229-6b499a37f581,1769,1769.0,1769.0,MAIN_HALLS,"42A31,43C114,49LL71,92B1212,92B17,96A5,98B,98C","4,4,4,9,9,9,9,9","42,43,49,92,92,96,98,98"
1061,Das ehemalige Vestibül,a48be186-e5d9-4b34-a0cb-9def29598f64,1680,1680.0,1680.0,VESTIBULES,92D41,9,92
1076,Der westliche Gartensaal,4fa2c455-3cec-43a3-b573-d9ebb9ec10da,1756-1765,1756.0,1765.0,ANTEROOMS,"23D42,23D43,23D44,92B1,92C2,92L1,92L19,92L26,92M1,96A23","2,2,2,2,2,2,2,2,2,9,9,9,9,9,9,9,9,9,9,9,9,9,9,9,9,9,9,9,9,9,9,9,9","23,23,23,23,23,23,23,23,23,92,92,92,92,92,92,92,92,92,92,92,92,92,92,92,92,92,92,96,96,96,96,96,96"
1076,Der westliche Gartensaal,4fa2c455-3cec-43a3-b573-d9ebb9ec10da,1756-1765,1756.0,1765.0,LONG_GALLERIES,"23D42,23D43,23D44,92B1,92C2,92L1,92L19,92L26,92M1,96A23","2,2,2,2,2,2,2,2,2,9,9,9,9,9,9,9,9,9,9,9,9,9,9,9,9,9,9,9,9,9,9,9,9","23,23,23,23,23,23,23,23,23,92,92,92,92,92,92,92,92,92,92,92,92,92,92,92,92,92,92,96,96,96,96,96,96"
1076,Der westliche Gartensaal,4fa2c455-3cec-43a3-b573-d9ebb9ec10da,1756-1765,1756.0,1765.0,PRESENCE_CHAMBERS,"23D42,23D43,23D44,92B1,92C2,92L1,92L19,92L26,92M1,96A23","2,2,2,2,2,2,2,2,2,9,9,9,9,9,9,9,9,9,9,9,9,9,9,9,9,9,9,9,9,9,9,9,9","23,23,23,23,23,23,23,23,23,92,92,92,92,92,92,92,92,92,92,92,92,92,92,92,92,92,92,96,96,96,96,96,96"
1109,Der ehemalige Gartensaal im Erdgeschoss,e9e0f8a7-6128-4a4b-a67e-5e0a5a6db095,1788-1792,1788.0,1792.0,SALA_TERRENA,92D1916,9,92
1118,Nordwestliches Eckkabinett,2e37ffde-78c4-4a30-9854-ec95d2fd9bab,1716,1716.0,1716.0,CABINETS_ROOMS,"25F711(DRAGON-FLY),34B11,41A7751,47I4223,48C44,92C352,92C454","2,3,4,4,4,9,9","25,34,41,47,48,92,92"
1127,Schlosskirche zum Heiligen Kreuz,2c98101d-a96e-41f1-a11d-ef1d883d27d3,1720-1722,1720.0,1722.0,ROYAL_CHAPELS_ROOMS,"11D12,73E38","1,7","11,73"
1133,Die westliche Galerie,e7c56d31-14e8-476e-bb52-5f78c8645071,1710/29,1710.0,1729.0,LONG_GALLERIES,"21,21A,21C,21D,25B,25B1,25B2,25B3,25B4","2,2,2,2,2,2,2,2,2","21,21,21,21,25,25,25,25,25"
1145,Der Eingangsflur des kurfürstlichen Appartements,fe401a6b-26e7-4a56-b8ec-c02e89539e15,1696-1698,1696.0,1698.0,CORRIDORS,"96A5(JUSTITIA),96A5(PAX)","9,9","96,96"
1151,Das östliche Eckzimmer,8a74e33e-c333-4d83-a239-431c4be9a5ad,1690-1695,1690.0,1695.0,PRESENCE_CHAMBERS,"92B2,92C4","9,9","92,92"
1157,Das so genannte Hauptgemach,50e5f607-2680-4be5-b39d-756ddb116d9a,1696,1696.0,1696.0,MAIN_HALLS,21,2,21
1172,Der Glockenspielsaal,eb1578c6-7c50-44e5-ad77-8891714bf46e,1729–1733,1729.0,1733.0,HALLS,"24A,44A51,92B371","2,4,9","24,44,92"
1175,Das Kabinett am Schlafzimmer des Clemens August,f5ce3888-e4a9-4d01-9f0f-77821daf2afd,1737-1747,1737.0,1747.0,CABINETS_ROOMS,"11P3162,25F23,43C11,48C30,49C0,61B2(+2),92B38(LYRE),92B58,92D1916","1,2,4,4,4,6,9,9,9","11,25,43,48,49,61,92,92,92"
1181,Das Kabinett der Herzogin,7a909396-c35a-4cde-a558-5b281616a623,1680-1686,1680.0,1686.0,CABINETS_ROOMS,25HH,2,25
1184,Saal im ersten Obergeschoss,a6ad4de1-f681-475f-81c5-f3ac4507ca29,1732,1732.0,1732.0,HALLS,9,9,9
1190,Treppenhaus,a19051f0-ca5d-11e9-b3c7-c1f35c95f583,1782-1791,1782.0,1791.0,STAIRWELLS,92D1916,9,92
1205,Der Barocksaal,80f5ab23-807e-4855-a976-390e7306c325,1690,1690.0,1690.0,MAIN_HALLS,"11K,11M44,11N1,11R511,59B32,92B34,93E3(+7),94I136,94I181,94L3322,94L41111,95A(ICARUS)68,95B(ATALANTE)2111,97O6","1,1,1,1,5,9,9,9,9,9,9,9,9,9","11,11,11,11,59,92,93,94,94,94,94,95,95,97"
1220,Der Hauptsaal,910d9fd3-2696-414f-9ab9-b3d9d07874b7,1737-1749,1737.0,1749.0,MAIN_HALLS,"12F13,24F2,47G3,47G6(KRAN),48C1,48C10,48C20,48C510,48C70,48C7312,48C7324,48C73511,48C7521,48C7522,48C7525,48C755,48C901,48C910,49C123,49D0,49E2513,92A,92B1,92B3,92B4,92B5,92C1,92C2,92C3,92C4,92D1,92D1916,92D3,92L1,92L5,92N1,93D1,94L,94R,96A12,96A27","1,2,4,4,4,4,4,4,4,4,4,4,4,4,4,4,4,4,4,4,4,9,9,9,9,9,9,9,9,9,9,9,9,9,9,9,9,9,9,9,9,9,9,9,9,9","12,24,47,47,48,48,48,48,48,48,48,48,48,48,48,48,48,48,49,49,49,92,92,92,92,92,92,92,92,92,92,92,92,92,92,92,92,92,92,92,93,94,94,96,96,96"
1223,Das östliche Vorzimmer,01d8c924-edc6-4bb2-a731-8fc207b7da69,1690-1695,1690.0,1695.0,ANTEROOMS,94C1131,9,94
1229,Der Gartensaal,d8c580ce-fb0b-4155-8656-28fdb85ecd4b,1766-1771,1766.0,1771.0,GUARD_HALLS,"25HH,25I9,48A98341","2,2,4","25,25,48"
1232,Hauskapelle,bd46300a-2a5f-4f71-9c61-4444c453a27c,um 1766,1766.0,1766.0,ROYAL_CHAPELS_ROOMS,"11D121(+3),11G,11G1911,11G24,11HH,11I63,11Q7562,25G41(LILY),41A7751,47I221,49MM32,71C21,73AA523,73B25,73B3,73B57,73B641,73C121,73C423,73C7","1,1,1,1,1,1,1,2,4,4,4,7,7,7,7,7,7,7,7,7","11,11,11,11,11,11,11,25,41,47,49,71,73,73,73,73,73,73,73,73"
1265,Hauptsaal,75364280-6e0a-11ea-be27-35ed93ab355f,"1693, um 1930",1693.0,1693.0,MAIN_HALLS,"25I1,44A1(+1),45A10,45A20,51H42,59C2,61F","2,4,4,4,5,5,6","25,44,45,45,51,59,61"
1271,Schreib-Cabinet,1be61640-67ec-45f5-ab83-e6bec9a2b271,1764-1771,1764.0,1771.0,CABINETS_ROOMS,"54A2,57A64,71A8,71C131,92B1218,94L","5,5,7,7,9,9","54,57,71,71,92,94"
1283,Das Kabinett des Gastgemachs,0f242643-babe-4edb-b889-fd5a555bb229,1737-1747,1737.0,1747.0,CABINETS_ROOMS,"43C111261,92D1916","4,9","43,92"
1286,Hauptsaal,0c81af70-c597-11e9-9b89-139a7d3e65b8,um 1700,1700.0,1700.0,MAIN_HALLS,"48C10,48C20,48C510,48C70,92D1916","4,4,4,4,9","48,48,48,48,92"
1292,Hauptsaal,12bc13f9-8273-4853-a05d-bffbf45422cb,1651-1652,1651.0,1652.0,MAIN_HALLS,"21,21A,21B,21C,21D,23D4,23D41,23D42,23D43,23D44","2,2,2,2,2,2,2,2,2,2","21,21,21,21,21,23,23,23,23,23"
1313,Der Grüne Salon,ae9dff9b-935b-4cf3-b9ee-edd9ac813a2d,"1779, 1783-85",1779.0,1785.0,HALLS,"92C271,92D1916","9,9","92,92"
1346,Südwestliches Eckkabinett,4d9689c8-9527-4731-a17e-bc00dd16a2dc,1716,1716.0,1716.0,CABINETS_ROOMS,"31D15,92D1916,92L41","3,9,9","31,92,92"
1364,Die Schlosskapelle,9b842663-64a5-4bef-9069-ebceee47e679,1710/29,1710.0,1729.0,ROYAL_CHAPELS_ROOMS,"11H(JOHN),11H(LUKE),11H(MARK),11H(MATTHEW),11I421,11I422,11I423,11I424,7(+13)","1,1,1,1,1,1,1,1,7","11,11,11,11,11,11,11,11,7(+1)"
1376,Das ehemalige Audienzzimmer,b543aa55-47cc-4f03-b827-fd8e0e387424,1680,1680.0,1680.0,PRESENCE_CHAMBERS,"11S723,44B10,92C421,92H","1,4,9,9","11,44,92,92"
1379,Das nördliche Kabinett,e79e03fb-55c8-4d92-b8fc-96dae93c2edd,1708-1711,1708.0,1711.0,CABINETS_ROOMS,"23R140,92C371,92C3711","2,9,9","23,92,92"
1382,"Der einstige Saal, jetzt Treppenhaus, im ersten Obergeschoss",6c4c66d8-7170-4f2e-ba1a-8b9661d98fd4,1723-1728,1723.0,1728.0,HALLS,"25F35(Parrot),41AA3311","2,4","25,41"
1406,Saal im zweiten Obergeschoss,88ed6502-ff76-4019-a4c1-fc6d4ff1d47d,1732,1732.0,1732.0,MAIN_HALLS,"48C,91C21,92B1,92B4,92B478,92C2,92C27","4,9,9,9,9,9,9","48,91,92,92,92,92,92"
1412,Der Saal im Belvedere,d4d394b3-b032-4a97-bdc6-e0eaa4b5a049,1748–1751,1748.0,1751.0,MAIN_HALLS,"26A,31D150,92D1916,96A43","2,3,9,9","26,31,92,96"
1418,Marienkapelle,98274460-c806-11e9-8a8f-6315b3a88f02,um 1680,1680.0,1680.0,CHAPELS_ROOMS,73E77,7,73
1427,Der Sommersaal,f80c5357-0f0b-4404-9d0c-d43a2604b18b,1706,1706.0,1706.0,HALLS,11HH(CUNEGUNDA)61,1,11
1436,Kabinett,d69f83a5-25cc-45ce-ae79-6b475db4ba78,1730-1737,1730.0,1737.0,CABINETS_ROOMS,71K42,7,71
1442,Vorzimmer im ersten Obergeschoss,b22d1590-7e0a-437f-8d8d-5129b44924a0,1737-1747,1737.0,1747.0,ANTEROOMS,"23R11,23R113,23R13,25HH15,41CC5,43C11,43C11311,92D1916,92L1911,92L3,92L4","2,2,2,2,4,4,4,9,9,9,9","23,23,23,25,41,43,43,92,92,92,92"
1451,Treppenhaus,dcc49f3b-2778-493e-bbfa-3ad386ec222c,1706-1710,1706.0,1710.0,STAIRWELLS,"48C14,48C1633,92B18(THUNDERBOLT),94L8(CLUB)","4,4,9,9","48,48,92,94"
1454,Hauptsaal,9ad093d0-bee4-419e-ae73-18a0b2553015,1700,1700.0,1700.0,MAIN_HALLS,"92D19163,92M1,92M139,92M2","9,9,9,9","92,92,92,92"
1460,Das ehemalige Schlafzimmer Herzogs Friedrich III.,cc600729-c6f7-4066-a482-9ecc2181d62e,1724-1732,1724.0,1732.0,BEDROOMS,"92C421,92C473,92C491","9,9,9","92,92,92"
1481,Der Hauptsaal im Obergeschoss,32632b7b-7feb-4acc-9700-678d53e0c964,1678-1690,1678.0,1690.0,MAIN_HALLS,"44B14,61B2,92B5,92C2,92C3,92C392,92D1916,92M,96A23,96A27","4,6,9,9,9,9,9,9,9,9","44,61,92,92,92,92,92,92,96,96"
1487,Treppenhaus,fb3a0577-6c1a-43b2-9a8a-862f6312a904,1712-1714,1712.0,1714.0,STAIRWELLS,"11M4,21,23D4,25F23(LION),34B11","1,2,2,2,3","11,21,23,25,34"
1490,Saal,2b1bb6b0-c4fc-11e9-ba3b-056cb58d1f03,1729-1732,1729.0,1732.0,HALLS,"92L1913,94L72","9,9","92,94"
1505,Das gemeinsame herzogliche Schlafzimmer,f37c2c4b-3b70-4db2-a144-dfdfe3a3bbea,1682-1686,1682.0,1686.0,BEDROOMS,"44B14,61B2(FRIEDRICH I, SACHSEN-GOTHA-ALTENBURG, HERZOG)1(+1)","4,6","44,61"
1508,Das Rote Eckkabinett mit Alkoven,b3626922-2559-4a32-991d-dcf590c1b7f0,1748,1748.0,1748.0,BEDROOMS,"23R11,23R14,41B32,48C7352,92C321,92C421,92D1,92D1916,92L41","2,2,4,4,9,9,9,9,9","23,23,41,48,92,92,92,92,92"
1532,Das Kabinett des Sommers,73a0eedf-7e6b-4736-b980-90ccfff03228,1696-1698,1696.0,1698.0,CABINETS_ROOMS,"92M1,95A(ERICHTHONIUS)1211,95A(ICARUS)68","9,9,9","92,95,95"
1544,Vorzimmer,e73beb45-bace-439c-8130-8895699a02b3,1706-1709,1706.0,1709.0,ANTEROOMS,"25F39,57AA621,57AA76,9,92C47,92D17","2,5,5,9,9,9","25,57,57,9,92,92"
1565,Die Schlosskapelle,5f7f1ee8-afe2-4e88-a1ca-f67ecfc9d13d,1715,1715.0,1715.0,ROYAL_CHAPELS_ROOMS,"11A23,11C2,11G,92D1916","1,1,1,9","11,11,11,92"
1583,Der Hauptsaal,f62d544b-5c4c-415f-b7ec-6acb8bb014c3,1748-1751,1748.0,1751.0,MAIN_HALLS,"11Q621,23D43,23D44,23O31,41C12,43B611,43C113,43C241,43C94,47I14,48C75,92L1913,92M1","1,2,2,2,4,4,4,4,4,4,4,9,9","11,23,23,23,41,43,43,43,43,47,48,92,92"
1592,Treppenhaus,892c4ff0-fab9-43b9-b028-0934eec4fb72,um 1720,1720.0,1720.0,STAIRWELLS,"11H(AUGUSTINE),11P31131,11P4432,11Q711,31A2221,49L51,49M32,49MM32,92D1916","1,1,1,1,3,4,4,4,9","11,11,11,11,31,49,49,49,92"
1604,Das Musikzimmer,281e9e90-d945-41a8-9e20-2143a6848a03,"1779, 1783-1785",1779.0,1785.0,SALONS_ROOMS_FOR_ENTERTAINING,"48C70,92D1916","4,9","48,92"
1610,Das ehemalige Schlafzimmer,6f47fbda-e3a9-4579-a6e3-9d43969b0a2a,1680,1680.0,1680.0,BEDROOMS,"41D91,92C4","4,9","41,92"
1631,Der Saal im Obergeschoss,9ac92109-dec8-4fc0-9bfc-334b04c8868d,1660,1660.0,1660.0,MAIN_HALLS,92D1,9,92
1634,Der Gartensaal,135637f4-5243-4b10-9904-c309a71a5201,"1721, 1770",1721.0,1770.0,HALLS,"11G23,25G41(LILY),33C812,92C2,96A23","1,2,3,9,9","11,25,33,92,96"
1658,So genannter Raum vor dem Putzkabinett – Kabinett der Sophie Henriette,b1fabd66-d9f8-4da2-a81f-782a5ebfcc02,1732-1740,1732.0,1740.0,CABINETS_ROOMS,"44B14,49L16","4,4","44,49"
1670,Kapelle,001a5226-5260-432f-bcfc-099e148f7196,1768,1768.0,1768.0,ROYAL_CHAPELS_ROOMS,"11H(GEORGE)11,11P315","1,1","11,11"
1676,Vestibül,5c3a4110-c5a8-11e9-b229-6b499a37f581,1769,1769.0,1769.0,VESTIBULES,"25F35,25GG","2,2","25,25"
1682,Paradeschlafzimmer,df90ea2c-c77c-4ea8-bf06-be8c65c32675,1784-1785,1784.0,1785.0,BEDROOMS,"92D1916,92E178","9,9","92,92"
1688,Beth-Cabinet (804),81b9f643-0172-4a8f-8858-cb10b8ca2043,1681,1681.0,1681.0,PRIVATE_CHAPELS,94P212,9,94
1715,Galerie,a717e700-c97c-11e9-9740-43682802c888,1684,1684.0,1684.0,LONG_GALLERIES,"41A646,48A9872","4,4","41,48"
1718,Das ehemalige Audienzzimmer,51e28caa-b0ea-4c1b-9adc-ecaed0003f16,1680,1680.0,1680.0,PRESENCE_CHAMBERS,"11D131,25F36(PELICAN),46A3","1,2,4","11,25,46"
1724,Kleines Schlafgemach im Appartement Kurfürst Friedrichs III.,4165264a-c766-4217-ba35-0f3c8d22532c,1685/1690,1685.0,1690.0,BEDROOMS,"43C1147(+0),92D1916,94N323","4,9,9","43,92,94"
1730,Die ehemalige Große Kammer gegen den Garten,3a07abc7-4cf4-4c03-88a6-c97d30a33edb,1680,1680.0,1680.0,BEDROOMS,"92B55,92C421,92C4541","9,9,9","92,92,92"
1754,Das Audienzzimmer (Garten Gobelinzimmer),9c75d7d2-ea0d-42c8-bf59-14a16513455f,1715-19,1715.0,1719.0,PRESENCE_CHAMBERS,"92D1,92D1916,95B(DANAE)","9,9,9","92,92,95"
1772,Der ehemalige Hauptsaal,ebf5943b-a585-4080-ab7c-2cd9f8acacc4,1680,1680.0,1680.0,MAIN_HALLS,"92I21214,94C111","9,9","92,94"
1778,Galeriesaal,06bf5ded-aaba-4855-a99f-e816093e6978,1696-1698,1696.0,1698.0,MAIN_HALLS,"92C152,92H,94C113,94C133,94H213,96B11,96B116,96B151,96B184,96B24,96B25,96B3313,96B332,96B52,96B8,96B834,96C(AENEAS),96C(AENEAS)211","9,9,9,9,9,9,9,9,9,9,9,9,9,9,9,9,9,9,9","92,92,94,94,94,96,96,96,96,96,96,96,96,96,96,96,96,96,96"
1781,Der Gartensalon bzw. Steinerne Saal,f27b4a09-5fc9-45a3-a04c-0a82b3e2033e,1718-1720,1718.0,1720.0,SALA_TERRENA,92E5121,9,92
1793,Marmorbad,3962c242-7f66-404e-b739-18809235455a,1722-1728,1722.0,1728.0,BATHROOMS,"92E1,96A23","9,9","92,96"
1853,Dianasaal,d23e83be-7df4-42ed-86d5-3fe035c2f0e0,1760-1762,1760.0,1762.0,HALLS,"25I151,41C711(+1),41C7113(red),41C7113(white),42F53,43C11,43C113,43C114,43C1146,43C1147,43C11471,43C128,46C13141,47I221,47I221(+21),47I221(+22),47I3(+22),47I413,47I8,47K1(+2),92B326,92B33(+0),92C3,92C39,92C3922,92D1916(+5),92H1,92H3,92I2,92L1791,92L18(VINE),92L19,92L1911,92L3,92L41,92L412,92L415,92L5,92M1,92M2,96A23,96A27,96A43","2,4,4,4,4,4,4,4,4,4,4,4,4,4,4,4,4,4,4,4,4,4,4,4,9,9,9,9,9,9,9,9,9,9,9,9,9,9,9,9,9,9,9,9,9,9,9,9,9,9","25,41,41,41,42,43,43,43,43,43,43,43,43,43,46,47,47,47,47,47,47,47,47,47,92,92,92,92,92,92,92,92,92,92,92,92,92,92,92,92,92,92,92,92,92,92,96,96,96,96"
1871,Das sog. Zweite Pfälzer Empfangszimmer (Audienzzimmer),45faf133-8bd8-49c4-9823-3e1235274069,1715-19,1715.0,1719.0,PRESENCE_CHAMBERS,"92B1,92B12,92B1219,92B18(EAGLE),92C371","9,9,9,9,9","92,92,92,92,92"
1877,Die Elbgalerie,1602ed82-9e68-4ce3-be49-38255be61f87,1729–1733,1729.0,1733.0,LONG_GALLERIES,"48C20,48C510,51B6(+1),52A42(+1),59A2(+1),92C27","4,4,5,5,5,9","48,48,51,52,59,92"
1889,Heilige Stiege,79e466ab-fa55-4a40-82db-9f1e64f3c826,1719-1720,1719.0,1720.0,STAIRWELLS,73D,7,73
1895,Der ehemalige Festsaal,da952f66-8751-4063-afb2-f5b1cbd4761e,1764,1764.0,1764.0,MAIN_HALLS,"44B14,59B32,92B2,92B3,92B4,92C4,92H1,96B721","4,5,9,9,9,9,9,9","44,59,92,92,92,92,92,96"
1898,Der Rondellsaal,c92eae91-4775-4b34-9eff-5dfc11be476e,1716,1716.0,1716.0,HALLS,"48C1,92D1916","4,9","48,92"
1901,Das zentrale Zimmer im Appartement der Fürstin,bdd8e9ea-3199-414f-acb8-72e7bbe29405,1709-1719,1709.0,1719.0,GALLERIES_DISPLAY_SPACES,"21A,21B,21C,21D,92C321,92E5121,94G5221,97D23,97DD18","2,2,2,2,9,9,9,9,9","21,21,21,21,92,92,94,97,97"
1907,Schlosskapelle,bc06c026-69c8-4540-b48d-2b592fdaf6e4,um 1770,1770.0,1770.0,CHAPELS_ROOMS,"73AA523,73B57,73B641","7,7,7","73,73,73"
1913,Das Kabinett nördlich des Salons,2765ae22-8f59-4164-ba8f-e6fb2946cfe1,1737-1747,1737.0,1747.0,CABINETS_ROOMS,"11R511,11R7,11R72,23U22,43C11,43C111241,43C11311","1,1,1,2,4,4,4","11,11,11,23,43,43,43"
1943,Das Vestibül,f89547a1-9fef-4f97-8003-4245a1830af3,1732-1752,1732.0,1752.0,VESTIBULES,"11G,23D4,23D41,23D42,23D43,23D44,25HH,25I1,32B3311,41A12,41C11,41C6,43C11,43C11124,43C1142,48C752,49C122,49N,61F(ALTENKAMP),61F(VELEN)","1,2,2,2,2,2,2,2,2,3,4,4,4,4,4,4,4,4,4,6,6","11,23,23,23,23,23,25,25,25,32,41,41,41,43,43,43,48,49,49,61,61"
1970,Treppenhaus,bb9a4f1c-0e9b-4c96-850f-537ba646e00a,1700,1700.0,1700.0,STAIRWELLS,92B5,9,92
1985,Der Dossenberger-Salon im 2. OG.,371368ea-72c5-405c-ba07-6c496c76e8ac,um 1779,1779.0,1779.0,MANSION_DINING_ROOMS,"11Q7121(CHAPEL),41A12","1,4","11,41"
1991,Die Eingangshalle,ce8f94e1-a905-40c5-b208-9e87b84d9dad,1720-1730,1720.0,1730.0,VESTIBULES,48C1,4,48
2009,Saal,38bc9a82-fa05-4187-9f7f-442b188a659c,1725-1729,1725.0,1729.0,HALLS,"11B11,11B333,11E541,25I153,42A18,92K1,92L3","1,1,1,2,4,9,9","11,11,11,25,42,92,92"
2018,Zuschauerraum,4c13e518-78db-477c-afb7-672825aaee9f,"1718–1719, 1738, 1749/1750, 1782, 1849",1718.0,1782.0,THEATERS_ROOMS,"26A,59B32(+11),92D1916","2,5,9","26,59,92"
2024,Hauptsaal,a71003f4-45f1-4b08-b822-b5b88991b766,1737,1737.0,1737.0,MAIN_HALLS,"25L,92A,92A1,92B1,92B18,92B2,92B3,92B4,92B5,92C1,92C18,92C2,92C28,92C3,92C371,92C4,92C48,92D13,92D6,94L69,96A23","2,9,9,9,9,9,9,9,9,9,9,9,9,9,9,9,9,9,9,9,9","25,92,92,92,92,92,92,92,92,92,92,92,92,92,92,92,92,92,92,94,96"
2036,Der Rote Saal,90722b5c-b952-492a-a64c-12e1af20c725,1737-1744,1737.0,1744.0,PRESENCE_CHAMBERS,"11MM33,11N1,25B1,25B2,25B3,25B4,33C215,41A773,43C9,44B10,45A20,47I2213,47I4131,48C7,48C8546,57AA6221,59C2,92C47(+0),92D1,96A5(DIVINA SAPIENTIA),96A5(FIDES),96A5(JUSTITIA),96A5(PAX),96A5(PRUDENTIA),96A5(PUDICITIA),96A5(SAPIENTIA),96A5(SPES)","1,1,2,2,2,2,3,4,4,4,4,4,4,4,4,5,5,9,9,9,9,9,9,9,9,9,9","11,11,25,25,25,25,33,41,43,44,45,47,47,48,48,57,59,92,92,96,96,96,96,96,96,96,96"
2042,Die ehemalige Vorkammer an der Gartenseite,8058d3a9-1e5b-4c18-94ff-dd8cc0967e7d,1680,1680.0,1680.0,ANTEROOMS,"98B(ALEXANDER THE GREAT),98B(ALEXANDER THE GREAT)46","9,9","98,98"
2084,Das Refektorium im Obergeschoss,6e4dc190-6818-4417-b83e-17bc6b9ac993,1769,1769.0,1769.0,BANQUET_HALLS,"12A61,25G3(PINE),25HH1,25HH11,41A4,41A641,41A651,41C1,41C51,46A122(BOUSCHAK)1,48C1621,48C8133,52B2(+4),71E12541(+11),73C463,73C7264,92D1916","1,2,2,2,4,4,4,4,4,4,4,4,5,7,7,7,9","12,25,25,25,41,41,41,41,41,46,48,48,52,71,73,73,92"
2087,Die Brautkammer (803),fa3b8f26-0f7c-4dbc-8737-f1cabdb23a22,1680,1680.0,1680.0,BEDROOMS,"23A1,49K10,92B3,92B552,98B(ACHILL)9","2,4,9,9,9","23,49,92,92,98"
2090,Das Kronkabinett (805),2180d81b-12ab-458d-88b0-8f56f6d9bc29,1681,1681.0,1681.0,BEDROOMS,94R,"9,9","94,94"
2090,Das Kronkabinett (805),2180d81b-12ab-458d-88b0-8f56f6d9bc29,1681,1681.0,1681.0,CABINETS_ROOMS,94R,"9,9","94,94"
2120,Die ehemalige Bibliotheksrotunde,e1d5dfec-3078-4f3f-92e8-51ca452dbb3c,1705-1711,1705.0,1711.0,LIBRARIES_ROOMS,"23A21,24C1,24C12,24C13,24C14,24C19,24C37,91B111,92B371,92B3731,92C271,92C371,92D1,92D1916,92D4,93D21","2,2,2,2,2,2,2,9,9,9,9,9,9,9,9,9","23,24,24,24,24,24,24,91,92,92,92,92,92,92,92,93"
2126,Das sogenannte Blaue Gemach,bae88ba9-653a-4a3f-b1e9-e8ede67e1581,1686-1688,1686.0,1688.0,BEDROOMS,25HH,2,25
2129,"Das Paradezimmer ""Mohrenzimmer""",bfbfd683-fb40-44be-956a-1e6dd6db8f6a,1718-1720,1718.0,1720.0,PRESENCE_CHAMBERS,"23D41,23D42,23D43,23D44,25H1(+1),25HH1,25II9,61B2(ADOLPH FRANZ FRIEDRICH VON DER LIPPE)1,61B2(AGNES URSULA LUCIE VON DER LIPPE)1,61B2(MORITZ ANTON JOHANN VON DER LIPPE)1,61B2(OTTILIE URSULA ADOLPHINE VON SCHORLEMER)1,61B2(SOPHIA CATHARINA LUCIA MARIA VIKTORIA VON DER LIPPE)1,61B2(THERESIA SOPHIE VON DER LIPPE)1,61B2(VIKTOR ADOLPH THEODOR VON DER LIPPE)1,61E(VINSEBECK),92B39117","2,2,2,2,2,2,2,2,2,2,6,6,6,6,6,6,6,6,6,9","23,23,23,23,25,25,25,25,25,25,61,61,61,61,61,61,61,61,61,92"
2159,Das Schlafzimmer,0a60a722-3ffb-48ab-a20c-464433f6ffb1,1727-1734,1727.0,1734.0,BEDROOMS,"23D4,92C371,92C3711,97,98B(OVID)","2,9,9,9,9","23,92,92,97,98"
2168,Audienzzimmer (Abtszimmer),513bd9e7-debb-4500-95cc-8ecb71c70ad4,1780,1780.0,1780.0,PRESENCE_CHAMBERS,"25F39,48A9863","2,4","25,48"
2174,"Ehemalige Kabinette der Herzogin, heute Roter Saal",87d6ac96-e8af-435d-b54c-ea0dac4cb94b,1692,1692.0,1692.0,CABINETS_ROOMS,"92C421,95A(PYRAMUS&THISBE)","9,9","92,95"
2177,Der Thronsaal,42338bd3-a7de-4180-bf64-75daa4460ec1,1729–1733,1729.0,1733.0,HALLS,92C2431,9,92
2183,Großes Schlafgemach im Appartement Kurfürst Friedrichs III.,15dfd86c-178b-4fe8-b45b-f60059ecb380,1685/1690,1685.0,1690.0,BEDROOMS,"43C1147,48C75,92C35,92C392,92D1916,92L15,96A27","4,4,4,9,9,9,9,9,9","43,43,48,92,92,92,92,92,96"
2192,Nordöstliches Eckkabinett,821f2826-92c2-4d47-bf2b-5297fa95b6c1,1716,1716.0,1716.0,CABINETS_ROOMS,"25G21(CHERRY),31D14,42F53,92C3","2,3,4,9","25,31,42,92"
2210,Treppenhaus,c9354ffd-2899-4bb1-b88a-e82ca78d9321,1762–1763,1762.0,1763.0,STAIRWELLS,11Q621(+4),1,11
2234,Schlosskapelle,8d0cebd8-af31-4ca3-9b43-a248d41f419c,1705-1718,1705.0,1718.0,CHAPELS_ROOMS,"11F112,11I431,11I5,11I51,73E7,73E77","1,1,1,1,1,7,7","11,11,11,11,11,73,73"
2237,Hauptsaal,00f23bb7-adea-4053-b5d2-5d3ae3569a2a,1677,1677.0,1677.0,MAIN_HALLS,"23S1,45A31,98B(ALEXANDERTHEGREAT)(+5),98B(CAESAR)(+5)","2,4,9,9","23,45,98,98"
2243,Der Saal,0e34b3d4-7156-4a3f-b29a-3bc2fe03e6c5,1624-1683,1624.0,1683.0,HALLS,"25F23(FOX),25F24(DEER),25F24(STAG),25F6,31D1122,31D11222,41A622,41B214,42,42A311,42B,42F5,42G211,42G222,43C11123,43C11124,43C128,43C4154,43C7147,43C92,44B1,44BB1,46B21,46C131,46C13141(BLACK HORSE),46C13141(WHITE HORSE),48C7532,61BB112","2,2,2,2,3,3,4,4,4,4,4,4,4,4,4,4,4,4,4,4,4,4,4,4,4,4,4,4,4,4,4,4,4,4,4,6","25,25,25,25,31,31,41,41,42,42,42,42,42,42,42,42,42,42,42,42,43,43,43,43,43,43,43,44,44,46,46,46,46,46,48,61"
2246,Die Kapelle,4aab814a-a946-4d8a-9c33-a2d9d534071b,"1692, 1707, 1827",1692.0,1707.0,ROYAL_CHAPELS_ROOMS,"11D3,11F2,11G,11H(JOSEF)68,47D8,73E81(+31)","1,1,1,1,4,7","11,11,11,11,47,73"
2255,Die ehemalige Garderobe,e499230b-f374-4f52-935e-c932a9619838,1680,1680.0,1680.0,WARDROBES_ROOMS,71P4142,7,71
2267,Das Schlafzimmer des Herzogs,814f6e42-6163-4332-bc1c-28b97e26b1c8,1680-1686,1680.0,1686.0,BEDROOMS,25HH,"2,2","25,25"
2270,Der Saal im Schönhof,d5d5b287-aaed-416a-a81d-bf4241c616b2,"1721, 1775",1721.0,1775.0,HALLS,"25FF22,25FF411,25G21,31B521,41D2212,43C7,43C7118,43C9,47I1111,47I4221,48A98211,48A98333,48A9854,48A9871,48A9872,48A9874,48A9875,48A9877,48AA9831,48AA98341,48C,48C14,48C1611,48CC73511,61BB111(+513),92B5722,92C2,92D1916,92D425,92L1,92L18,92L1913,92L4,94L24(+0)","2,2,2,3,4,4,4,4,4,4,4,4,4,4,4,4,4,4,4,4,4,4,4,4,4,4,4,4,4,4,4,4,4,4,4,4,4,4,4,6,9,9,9,9,9,9,9,9,9,9,9,9,9","25,25,25,31,41,43,43,43,47,47,48,48,48,48,48,48,48,48,48,48,48,48,48,48,48,48,48,48,48,48,48,48,48,48,48,48,48,48,48,61,92,92,92,92,92,92,92,92,92,92,92,92,94"
2279,Das Bänderzimmer,9553b545-95e7-4ec8-9638-edf6805fef3d,1780-1790,1780.0,1790.0,ANTEROOMS,"25G21(APPLE),41A6711,41A7751,41D26612,43C11482,45C15(BOW AND ARROW),45C15(SPEAR),47I1421,47I15(SICKLE),47I4223,48C5152,48C5153,61BB111(+513)","2,4,4,4,4,4,4,4,4,4,4,4,6","25,41,41,41,43,45,45,47,47,47,48,48,61"
2282,Das Vestibül,6987dc6a-7677-4574-952b-f5f6ec9ae728,1721,1721.0,1721.0,VESTIBULES,"92C18(Peacock),92C4,92C454,92D1","9,9,9,9","92,92,92,92"
2294,Das ehemalige Vorzimmer nach dem Speisesaal,b02e0713-8bae-4174-b5b0-afcdd29745ed,1680,1680.0,1680.0,ANTEROOMS,"11E541,11E542,11E543,11E545,11M1,57B21","1,1,1,1,1,5","11,11,11,11,11,57"
2318,Sommerspeisesaal,055d010c-9d55-46a1-94e1-1a8d7f9884bf,1691-1692,1691.0,1692.0,BANQUET_HALLS,98B(OVID),9,98
2327,Der Hauptsaal,db4858f4-4088-4d45-9573-fd9a8742ff30,1702-1712,1702.0,1712.0,MAIN_HALLS,"92A,94L","9,9,9","92,92,94"
2333,Die ehemalige Große Kammer,405d10ec-785b-4261-bf82-523f2323be60,1680,1680.0,1680.0,PRESENCE_CHAMBERS,"11G,98C(LUCRETIA)6","1,9","11,98"
2336,Oberes Vestibül,69fbeb29-0e43-459a-a9d9-ecca1506fb36,1698-1700,1698.0,1700.0,VESTIBULES,"91D12,92C49151","9,9","91,92"
2351,Der so genannte Schlachtensaal,23f31e04-b209-4d5f-a2ea-06be17983b59,1698,1698.0,1698.0,MAIN_HALLS,"41C711(+0),45C621,45D1(+1),45H3,46B11,46B11(+0),46C13142","4,4,4,4,4,4,4,4,4","41,45,45,45,45,45,46,46,46"
2360,Das Treppenhaus,d86abcfb-486b-41cb-a34b-850960ddab36,1764-1768,1764.0,1768.0,STAIRWELLS,91E23,9,91
2387,Das chinesische Kabinett südlich des Salons,9720672a-af9a-456d-8ef0-f9090693ce54,1737-1747,1737.0,1747.0,CABINETS_ROOMS,"23R,25FF411,32B3311(+51),43C1113","2,2,3,4","23,25,32,43"
2393,Der Hauptsaal,f2a4777a-b915-49c5-95cb-67ea4d7a2e0c,1732-1744,1732.0,1744.0,MAIN_HALLS,"43A433,46A1632,48C10,48C70,49C122,49C124,49L16,92B3,92C2,92N1","4,4,4,4,4,4,4,9,9,9","43,46,48,48,49,49,49,92,92,92"
2402,Das Eckgemach zum Garten,a70d079a-4cba-4bd1-8979-9b595b578154,1686-1688,1686.0,1688.0,PRESENCE_CHAMBERS,25HH,2,25
2405,Audienzsaal,1b4d2130-3a47-41d4-8600-2f21477c37d1,1784-85,1784.0,1785.0,PRESENCE_CHAMBERS,"11M41,11M42,11M43,11MM44,11N1,52A51,92D1916,96A43","1,1,1,1,1,5,9,9","11,11,11,11,11,52,92,96"
2423,Vorzimmer,728c2719-0d12-4657-9ac9-c9c468004c61,1709,1709.0,1709.0,ANTEROOMS,"25FF4231,92B1,92B53,92C4,92H18,94L69,94L8,96A5(FAMA)","2,9,9,9,9,9,9,9","25,92,92,92,92,94,94,96"
2441,Das ehemalige Audienzzimmer Herzogs Friedrich III.,99f7535b-3387-4b18-a026-a82623d56ff9,1724-1732,1724.0,1732.0,PRESENCE_CHAMBERS,"92B37,92C271,92D421,92D422,92D423,92D424,92D425,92D426,92D427,92D428,92D429","9,9,9,9,9,9,9,9,9,9,9","92,92,92,92,92,92,92,92,92,92,92"
2459,Der Hauptsaal,64635f74-e187-4b75-852c-bc2855185f20,1718-1720,1718.0,1720.0,MAIN_HALLS,"48C75,92B1,92B18(EAGLE),92B18(THUNDERBOLT),92B4,92C4,92D1916","4,9,9,9,9,9,9","48,92,92,92,92,92,92"
2480,Der Innenraum,76c08ba9-082e-4ab7-a8f9-2214ee63aa8c,1740-1742,1740.0,1742.0,ROYAL_CHAPELS_ROOMS,"11H(FELIX),11H(FRANCIS),11H(FRANCISOFPAOLA),11H(JOHNNEPOMUK),11H(JOSEPH),11H(SERAPHINOFMONTEGRANARO),11HH(CLARE),11Q7513(LAURENCE)(+2),73E77","1,1,1,1,1,1,1,1,7","11,11,11,11,11,11,11,11,73"
2522,Schlafzimmer des Freiherrn,1743807d-688f-4dca-944c-61f5353a177e,1698-1700,1698.0,1700.0,BEDROOMS,92C38(HIRSCH),9,92
2534,Der Ostvorsaal,e7fa3d86-b1ca-41fc-9aa8-0b8d2bd0172d,1643-1646,1643.0,1646.0,ANTE_HALLS,"48A9872,48A9879","4,4","48,48"
2540,Westliches Kabinett,be4ad6ae-8c1d-40c6-8b15-d810c2852fe6,1680/1684,1680.0,1684.0,CABINETS_ROOMS,"44B113,44B191,44B192,61D(Prussia),92D1916","4,4,4,6,9","44,44,44,61,92"
2558,Der so genannte Silbergraue Salon,207df8a1-3c3a-4f1d-b938-39a9ba438e96,"1725-1730, 1828, 1898.",1725.0,1730.0,ANTE_HALLS,"25F23(LION),25F33(Falcon),25F35(COCKATOO),25F35(Parrot),25F35(Peacock),25F37(HERON)","2,2,2,2,2,2,2,2,2,2,2,2","25,25,25,25,25,25,25,25,25,25,25,25"
2558,Der so genannte Silbergraue Salon,207df8a1-3c3a-4f1d-b938-39a9ba438e96,"1725-1730, 1828, 1898.",1725.0,1730.0,HALLS,"25F23(LION),25F33(Falcon),25F35(COCKATOO),25F35(Parrot),25F35(Peacock),25F37(HERON)","2,2,2,2,2,2,2,2,2,2,2,2","25,25,25,25,25,25,25,25,25,25,25,25"
2567,Audienzzimmer,1743f3c7-98a3-4f12-8601-df47e087e1c1,1730-1737,1730.0,1737.0,PRESENCE_CHAMBERS,71K42,7,71
2582,Treppenhaus,95e70af5-3c27-4d94-931a-051f78a50ddd,1769,1769.0,1769.0,STAIRWELLS,"11N32,54F12,92B5,92B57,92B58(CADUCEUS),92B58(PETASUS),92C2,92C27,92C281,96A5(FORTUNA),96A5(INVIDIA)","1,5,9,9,9,9,9,9,9,9,9","11,54,92,92,92,92,92,92,92,96,96"
2600,Das Schlafzimmer in der so genannten Weimarischen Wohnung,8a05485f-9549-401f-8ff5-f801492f05f9,1685-1695,1685.0,1695.0,BEDROOMS,"23U22,31A511,92C2,94C113","2,3,9,9","23,31,92,94"
2609,Sommerspeisesaal,12eb95e0-c5c1-11e9-bae7-59743fb301a8,1766,1766.0,1766.0,BANQUET_HALLS,48A9875,4,48
2612,Das Schlafzimmer der Herzogin,73105e3c-7560-441b-8ba0-055014ab96b0,1680-1686,1680.0,1686.0,BEDROOMS,25HH,2,25
2618,Die ehemalige Schlosskapelle,10efbdd4-5d35-4cbc-b2ea-1f3c63e821d7,1707,1707.0,1707.0,ROYAL_CHAPELS_ROOMS,"11G,11H(HUBERT),11H(HUBERT)7","1,1,1","11,11,11"
2624,Die ehemalige Schlafkammer,f5398699-5f1a-4c5a-be6f-a89f8abf95ef,1678,1678.0,1678.0,BEDROOMS,"25H(+1),46C53","2,4","25,46"
2642,Kabinett (Gartenschlafzimmer),be83f011-4c32-4ff5-b137-c86b40fee8b4,1715-19,1715.0,1719.0,CABINETS_ROOMS,"92B35,92C35,92D42,92D423,92D424,96A43","9,9,9,9,9,9","92,92,92,92,92,96"
2651,"Das westliche Vorzimmer, so genannte ""Ritterstube""",55864625-c97f-478a-a181-65b04925962b,1690-1695,1690.0,1695.0,ANTEROOMS,11R7,1,11
2657,Die Schlosskapelle im Erdgeschoss,83997475-b8f7-4304-93de-4c5c846847ff,1769,1769.0,1769.0,ROYAL_CHAPELS_ROOMS,"11A1,11C1,11D,11D113,11D12(+3),11D42(+2),11D422(+2),11F,11F11,11F12,11F232,11G,11HH(ALACOQUE)34,11P31517,25F72(OYSTER)(+93),25FF3(PHOENIX),25GG3(LAUREL),25H,25H23,25HH11,26B2,31A2522,42A11,47I2211,47I2213,71A22,73D82(CROWN OF THORNS)(+2)","1,1,1,1,1,1,1,1,1,1,1,1,1,1,1,1,1,1,1,1,2,2,2,2,2,2,2,3,4,4,4,7,7","11,11,11,11,11,11,11,11,11,11,11,11,11,11,11,11,11,11,11,11,25,25,25,25,25,25,26,31,42,47,47,71,73"
2663,Saal,c6f76603-7a08-4b5c-a98e-fb94a120a259,"1773, 1782",1773.0,1782.0,MAIN_HALLS,"25H23,46C223,61B11","2,4,4,4,4,4,6","25,46,46,46,46,46,61"
2666,Das obere Vestibül,b4f4f2d2-1d9a-482d-a25e-9d17cad6dbf3,1733-1735,1733.0,1735.0,VESTIBULES,"43C1113,92C3,92D1916,92E169","4,9,9,9","43,92,92,92"
2678,Der Innenraum des Pavillons,f5db2a68-c7aa-4e43-ac8c-48c070cec504,1740-1760,1740.0,1760.0,GUARD_HALLS,"33A,48C511,48C513,48C72","3,4,4,4","33,48,48,48"
2681,Der ehemalige Hauptsaal,4fda9144-9ad0-4938-8c26-51d13948ae7e,1784,1784.0,1784.0,MAIN_HALLS,"92B5,96B721,98B(ROMULUS)69,98B(TITUS)69","9,9,9,9","92,96,98,98"
2687,Gartensaal,bcacefcc-22d6-49e6-b6b1-66da43bf6035,1767-1767,1767.0,1767.0,HALLS,"23T22,25II1,31AA,48A9877,48C161,48C24,92D1916,92M1","2,2,3,4,4,4,9,9","23,25,31,48,48,48,92,92"
2690,Das ehemalige Treppenhaus,54637a15-eae9-40f1-9d20-847d6880aca2,1776,1776.0,1776.0,STAIRWELLS,"11M44,11O12,23A41,23A411,44B61,48C510,49C0,54F12,54FF12,59B32,92B5,92C271,92D1916,96B721","1,1,2,2,4,4,4,5,5,5,9,9,9,9","11,11,23,23,44,48,49,54,54,59,92,92,92,96"
2693,Tafelstube,8e6c7ff1-2c27-4194-b88e-61b3d5373f8b,1602-1604,1602.0,1604.0,MANSION_DINING_ROOMS,45K21,"4,4,4,4,4,4,4,4,4,4,4,4","45,45,45,45,45,45,45,45,45,45,45,45"
2699,Die Schlosskirche,ce5605e2-dc33-4b34-b96d-7b14ee52ca38,1705,1705.0,1705.0,ROYAL_CHAPELS_ROOMS,"11Q764,12A321,71A6,71C131,71E134,71E324,71M8,73B1,73C713,73D24,73D31(+3),73D6","1,1,7,7,7,7,7,7,7,7,7,7","11,12,71,71,71,71,71,73,73,73,73,73"
2720,Der Hauptsaal,169de797-d038-4838-9039-2053d791846b,1693-1696,1693.0,1696.0,MAIN_HALLS,"23D(+60),23D41,23D42,23D43,23D44,23R110,23R130,23R140,23R20,23U22,25G4111,31F2,41B32,43A433,44B191,44B192,47I1111,48B1410,48C10,48C20,48C510,55A12,58B2,59B31,59B32,92D1916,92D421,92D425,92D428,92D429","2,2,2,2,2,2,2,2,2,2,2,3,4,4,4,4,4,4,4,4,4,5,5,5,5,9,9,9,9,9,9,9,9,9","23,23,23,23,23,23,23,23,23,23,25,31,41,43,44,44,47,48,48,48,48,55,58,59,59,92,92,92,92,92,92,92,92,92"
2723,Der östliche Kuppelsaal,1e059707-920c-4b92-b854-4020bb7f320b,1730-1740,1730.0,1740.0,HALLS,26A,2,26
2738,Das Vorzimmer,6cf62cf8-f419-4a48-8297-091eabdd735b,1730-1734,1730.0,1734.0,ANTEROOMS,"11M43,31A45231,71U42731,94L7,96A5(VIRTUS)","1,3,7,9,9","11,31,71,94,96"
2765,Der Kaisersaal,1ca21642-e5ec-47cf-9f4c-3276c8f87419,1709-1719,1709.0,1719.0,IMPERIAL_HALLS,44B112,"4,4","44,44"
2774,Das südliche Kabinett,a1bb628d-ffbb-4db4-89f0-45b0ab8af48d,1708-1711,1708.0,1711.0,CABINETS_ROOMS,"23R2,92B3,92B3711","2,9,9","23,92,92"
2798,Der Hauptsaal (Salon),b146449f-fdf5-4e83-a209-9aa006b60bf1,1727-1727,1727.0,1727.0,MAIN_HALLS,"11E541,11E544,11L51,11M33,11M44,11MM3(+0),11MM31,11MM32,11Q755,11S723,11S725,25F33(EAGLE),25F39(DOVE),44B091,44B61,44BB1,44BB17,44G0,44G312,45A20,45L311,46A18,48C510,48C901,49C12,49C121,49C122,49C123,49C124,49K10,51H42,56FF2,57A62,57A7,57BB13,71F1544,71F375,71U4,92C2,92D1916,92D222,98B(REGULUS, M.A.),98B(SCAEVOLA, C.M.)61","1,1,1,1,1,1,1,1,1,1,1,2,2,4,4,4,4,4,4,4,4,4,4,4,4,4,4,4,4,4,4,4,5,5,5,5,5,7,7,7,9,9,9,9,9,9","11,11,11,11,11,11,11,11,11,11,11,25,25,44,44,44,44,44,44,44,45,45,45,46,48,48,49,49,49,49,49,49,51,56,57,57,57,71,71,71,92,92,92,92,98,98"
2810,Das Audienzzimmer der Herzogin,d7056df9-3b98-4ffa-a949-6a093c23f7b7,"1682-1685, 1747-1751",1682.0,1751.0,PRESENCE_CHAMBERS,94D1321,9,94
2834,Die so genannte Braune Galerie,815a2d78-af4a-4986-b05c-49b5dbb465b3,1681-1685,1681.0,1685.0,CORRIDORS,"48A9872,48A9879","4,4","48,48"
2861,Saal,72df9922-340f-42fa-b7cc-df0ef351cc57,1700-1702,1700.0,1702.0,HALLS,"44BB10,94L7","4,9","44,94"
2876,Festsaal des Ritterordens,f0f56864-30e2-44c0-a9b0-fd813cdca8fb,1725-1727,1725.0,1727.0,MAIN_HALLS,"46A1241(...)1(+0),57A612(+11)","4,5","46,57"
2879,Die Marmorgalerie,fd03f618-96ba-4182-826d-4aafba85946b,1745-1751,1745.0,1751.0,ANTE_HALLS,"11P31521,11Q621,11Q6251,11Q6252,11QQ621,25F35(COCKATOO),25F35(Parrot),25G(+32),25G21,25H11,25H212(+1),25H213,25I12,25I9,32B321,32B321(+3),32B33(COSSACKS),32B33(TATARS)(+2),32B3311(+51),32B342(+2),41A12,41A646,41C331,41C741,41D(+43),41D(+44),41D132,41D221,41D221(HENNIN),41D221(TURBAN),41D2632,41D26611,46E221,47I221,47I2213,48C149,48C161,48C1634,48C7323,49C3,61D(TIROL)","1,1,1,1,1,1,1,1,1,1,2,2,2,2,2,2,2,2,2,2,2,2,2,2,2,2,2,2,2,2,2,2,3,3,3,3,3,3,3,3,3,3,3,3,4,4,4,4,4,4,4,4,4,4,4,4,4,4,4,4,4,4,4,4,4,4,4,4,4,4,4,4,4,4,4,4,4,4,4,4,4,4,4,4,4,4,4,4,4,4,4,4,4,4,4,4,4,4,4,4,4,4,4,4,4,4,4,4,6,6","11,11,11,11,11,11,11,11,11,11,25,25,25,25,25,25,25,25,25,25,25,25,25,25,25,25,25,25,25,25,25,25,32,32,32,32,32,32,32,32,32,32,32,32,41,41,41,41,41,41,41,41,41,41,41,41,41,41,41,41,41,41,41,41,41,41,41,41,41,41,41,41,41,41,41,41,41,41,41,41,41,41,41,41,41,41,46,46,47,47,47,47,48,48,48,48,48,48,48,48,48,48,48,48,48,48,49,49,61,61"
2879,Die Marmorgalerie,fd03f618-96ba-4182-826d-4aafba85946b,1745-1751,1745.0,1751.0,LONG_GALLERIES,"11P31521,11Q621,11Q6251,11Q6252,11QQ621,25F35(COCKATOO),25F35(Parrot),25G(+32),25G21,25H11,25H212(+1),25H213,25I12,25I9,32B321,32B321(+3),32B33(COSSACKS),32B33(TATARS)(+2),32B3311(+51),32B342(+2),41A12,41A646,41C331,41C741,41D(+43),41D(+44),41D132,41D221,41D221(HENNIN),41D221(TURBAN),41D2632,41D26611,46E221,47I221,47I2213,48C149,48C161,48C1634,48C7323,49C3,61D(TIROL)","1,1,1,1,1,1,1,1,1,1,2,2,2,2,2,2,2,2,2,2,2,2,2,2,2,2,2,2,2,2,2,2,3,3,3,3,3,3,3,3,3,3,3,3,4,4,4,4,4,4,4,4,4,4,4,4,4,4,4,4,4,4,4,4,4,4,4,4,4,4,4,4,4,4,4,4,4,4,4,4,4,4,4,4,4,4,4,4,4,4,4,4,4,4,4,4,4,4,4,4,4,4,4,4,4,4,4,4,6,6","11,11,11,11,11,11,11,11,11,11,25,25,25,25,25,25,25,25,25,25,25,25,25,25,25,25,25,25,25,25,25,25,32,32,32,32,32,32,32,32,32,32,32,32,41,41,41,41,41,41,41,41,41,41,41,41,41,41,41,41,41,41,41,41,41,41,41,41,41,41,41,41,41,41,41,41,41,41,41,41,41,41,41,41,41,41,46,46,47,47,47,47,48,48,48,48,48,48,48,48,48,48,48,48,48,48,49,49,61,61"
2894,Treppenhaus,56d30ddd-4f9f-49ef-b3eb-cad607a2f54d,1719-1721,1719.0,1721.0,STAIRWELLS,"91C1,91C1(+4)","9,9","91,91"
2900,Schlosskapelle,0d37a00f-fc31-4669-ad24-360f0e7bf189,1755,1755.0,1755.0,ROYAL_CHAPELS_ROOMS,11B33,1,11
2909,Die ehemalige Retirade,a9fa86e5-faab-4af0-bae2-3cc82de983b0,1729-1732,1729.0,1732.0,CABINETS_ROOMS,23D4,"2,2","23,23"
2909,Die ehemalige Retirade,a9fa86e5-faab-4af0-bae2-3cc82de983b0,1729-1732,1729.0,1732.0,TOILET_ROOMS,23D4,"2,2","23,23"
2912,Oberes Vestibül/Gardesaal,47ecdf6d-0292-42f8-94d6-4647ee01f889,1706-1710,1706.0,1710.0,VESTIBULES,"44B191,44B192,44B193,45B433,46A1241(ADLERORDEN)1,46A1241(ELEFANTENORDEN)1","4,4,4,4,4,4","44,44,44,45,46,46"
2924,Das ehemalige Vorzimmer,b0292481-e085-4651-9103-cc856f7e59cd,1680,1680.0,1680.0,ANTEROOMS,71V,7,71
2939,Hauptsaal,b46b28df-bbf1-4616-a83f-92fce6aaf106,1796,1796.0,1796.0,MAIN_HALLS,"92C1,92C2,92C4","9,9,9","92,92,92"
2957,Der Treppenvorraum im Erdgeschoss,48a8486e-3c76-4955-95e1-2fc66feaabb6,1685-1695,1685.0,1695.0,VESTIBULES,"92B171,92B222,92D22,92E19","9,9,9,9","92,92,92,92"
2963,Audienzzimmer,c12dbd15-ba5d-4c9e-9955-d10b7294688e,1709,1709.0,1709.0,PRESENCE_CHAMBERS,"92B17,92B371,92B47,92B57,92C173,92C37,93A211,94L7","9,9,9,9,9,9,9,9","92,92,92,92,92,92,93,94"
2978,Vorderes Treppenhaus,7b5e6487-e55b-4a55-95e2-a69d94f6cf5d,1765–1766,1765.0,1766.0,STAIRWELLS,"25G4111,26A,45C15(BOW),47D8(CHISEL),47D8(HAMMER),47H6,48C10,48C20,48C510,48C5152,48C5153,49D511,49L51,49LL71,49M32,49MM32,57A68,92B373,92B38,92B38(LYRE),92B57,92B58(CADUCEUS),92B58(PETASUS),92B58(WINGEDSANDALS),92D1,92D156,92D19162,92D34","2,2,2,2,4,4,4,4,4,4,4,4,4,4,4,4,4,4,4,4,4,5,9,9,9,9,9,9,9,9,9,9,9,9,9","25,25,25,26,45,47,47,47,47,47,47,48,48,48,48,48,49,49,49,49,49,57,92,92,92,92,92,92,92,92,92,92,92,92,92"
2984,Das Vestibül,703dc5fa-bc1e-4c96-93a5-7f0d686e9b96,1678-1690,1678.0,1690.0,VESTIBULES,"23O,23O32,23O33,23O41,23O42,23O43","2,2,2,2,2,2","23,23,23,23,23,23"
2987,Der Chorraum,e89d656c-5182-4fdd-87d4-3f3a1adaa58e,1716,1716.0,1716.0,ROYAL_CHAPELS_ROOMS,"11M3,11Q7141,73E7","1,1,7","11,11,73"
2990,Die Kapelle im Erdgeschoss,6aab253d-6cef-474a-8be0-20c49eca8eb0,1698-1700,1698.0,1700.0,CHAPELS_ROOMS,"73B25,73E1","7,7","73,73"
2996,Deutscher Saal,33a009aa-666a-4e23-9f1b-077eab4f680c,"1718–1719, 1723–1726",1718.0,1726.0,HALLS,"25B1,25B2,25B3,25B4,44B610,48C,57A71,59B32,91B111,91B1118(SCYTHE),92B222,92B3731,92B5,92B58(CADUCEUS),92B58(PETASUS),92C3,92K1,94L,96A23","2,2,2,2,4,4,5,5,9,9,9,9,9,9,9,9,9,9,9","25,25,25,25,44,48,57,59,91,91,92,92,92,92,92,92,92,94,96"
3002,Das sogenannte Rote Gemach,985635c1-5413-4448-8a9b-92dab2bf1362,1686-1688,1686.0,1688.0,ANTEROOMS,25HH,2,25
3005,Aeneas-Galerie,f90072c5-3904-4f09-982d-8521ed7a83fe,um 1700,1700.0,1700.0,LONG_GALLERIES,"25C12,45C1,91B2,92C152,96B66","2,4,9,9,9","25,45,91,92,96"
3023,Das Paradeaudienzgemach,f944709a-705e-47f6-8f59-b1b81bd46859,1718/1719,1718.0,1719.0,PRESENCE_CHAMBERS,"59C2(+1),94L","5,9","59,94"
3035,Der Festsaal im ersten Obergeschoss,44d1be18-0a04-4e39-b954-e1c9ab451943,"1715-1716, 1717",1715.0,1717.0,HALLS,"61B2(AUGUSTUS-II-THE-STRONG)1,61B2(AUGUSTUS-III-OF-POLAND)1,92C2,92D4,93F3,94L,94L71,94L8(GOLDEN-APPLES-OF-THE-HERESPIDES)","6,6,9,9,9,9,9,9","61,61,92,92,93,94,94,94"
3047,Der westliche Kuppelsaal,59b7bdfd-79b4-4f07-a8a1-6dd4bfcd3e90,1730-1740,1730.0,1740.0,HALLS,26A,2,26
3053,Das Treppenhaus,d4718c57-3d53-4c8d-928f-670142ed8073,1716-1718,1716.0,1718.0,STAIRWELLS,"11G,44B14,48C145,61B2(+5),61BB2(+5),92B1711,95A(PYRAMUS & THISBE)241,97AA1","1,4,4,6,6,9,9,9","11,44,48,61,61,92,95,97"
3056,Marmorsaal,6ad4b27e-5f38-46e9-99fe-9806b89ac5ac,1720,1720.0,1720.0,MAIN_HALLS,"23D42(+0),25F22,25F33(HAWK),25F36(Swan),25F711(Cicada),25G3(Laurel)(+22),25G4111,41A646,41A6712,44B191,46A1241(Order of Sincerity),49L16,92B378,92B38,92D1916,92E54","2,2,2,2,2,2,2,2,2,2,2,4,4,4,4,4,4,4,4,9,9,9,9,9,9,9,9,9,9","23,25,25,25,25,25,25,25,25,25,25,41,41,41,41,41,44,46,49,92,92,92,92,92,92,92,92,92,92"
3080,Schlosskapelle,15cca974-84cd-42a0-a133-e1b51a05e784,1773,1773.0,1773.0,ROYAL_CHAPELS_ROOMS,"31E23,45H3","3,4","31,45"
3083,Kapelle,b0f8a024-84eb-4a0e-8c94-d2c0bec3cfb5,1755–1758,1755.0,1758.0,ROYAL_CHAPELS_ROOMS,"11B33,11C11,11C15,11D3,11D6(+0),11E1,11G19,11G191,11G1911,11G23(+0),11H(FLORIAN)11,11Q7155(+3),11Q73211,12E63,13A1,22C31,22C311,25F42(VIPER),25G3,25H2311,25I,25I153,26A,31EE23411,41A3211,41A361,41A421,41A7211,41A771,41A7751,41AA1,41AA11,41D263,41D2666,43A433,44D311,44G3731,45B,45C11(SPEAR),45C12(CLUB),45C13(SWORD),45C14(HALBERD),45C22,45C221,45D1,45D1(+0),45K141,45K1412,45K1413,45K1441,46C131,46C21,47D8(ROPE),47G3,47G41,47G5,48C161,48C1623,49L15,49MM32,73F22,73F2212,73F2215,73F2216,73F2222,73F2223,73F2224(+0),73F22311,73F2233,73F22334,73F22335,73F22341,73F22351,73F22371,73F22372,73F22374,73F2243,73F3563","1,1,1,1,1,1,1,1,1,1,1,1,1,1,1,1,1,1,1,1,1,1,1,1,2,2,2,2,2,2,2,2,2,2,2,2,2,2,2,2,2,2,2,2,2,2,2,2,2,2,3,4,4,4,4,4,4,4,4,4,4,4,4,4,4,4,4,4,4,4,4,4,4,4,4,4,4,4,4,4,4,4,4,4,4,4,4,4,4,4,4,4,4,4,4,4,4,4,4,4,4,4,4,4,4,4,4,4,4,4,4,4,4,4,4,4,4,7,7,7,7,7,7,7,7,7,7,7,7,7,7,7,7,7,7,7,7,7","11,11,11,11,11,11,11,11,11,11,11,11,11,11,11,11,11,11,11,11,11,11,12,13,22,22,22,22,22,22,22,22,22,22,22,22,25,25,25,25,25,25,25,25,25,25,26,26,26,26,31,41,41,41,41,41,41,41,41,41,41,41,41,41,41,41,41,41,43,44,44,44,45,45,45,45,45,45,45,45,45,45,45,45,45,45,45,45,45,45,45,45,45,45,45,46,46,46,47,47,47,47,47,47,47,48,48,48,48,48,48,48,48,49,49,49,49,73,73,73,73,73,73,73,73,73,73,73,73,73,73,73,73,73,73,73,73,73"
3086,Der Festsaal,05805d33-3193-4fa5-bda4-b3793ee3e6e3,"1767-1775, 1804, 1871",1767.0,1775.0,MAIN_HALLS,"11M44,20,48C10,57A73,92C271,92D1916","1,2,4,5,9,9","11,20,48,57,92,92"
3089,Schlafgemach,8d69cb94-8cce-45e2-94a7-0fac0c9c12a4,1685/1690,1685.0,1690.0,BEDROOMS,94D132,9,94
3122,Mittelsaal,acca4253-39ed-44a0-bca5-748da9781cb4,1749,1749.0,1749.0,HALLS,23D4,2,23
3134,Der Hauptsaal,7543cc93-db14-4645-b69c-82c8f2a69560,1705-1715,1705.0,1715.0,MAIN_HALLS,"23D41,23D42,23D43,23D44,48C1451,92B1,92B2,92B3,92B5,92C1,92C18,92C2,92C3,92C4,92C5,92D1916,92D4,92H1,92L1,92L2,92L41,92L5,92M1,92N1,93E4,94L,96B721","2,2,2,2,4,9,9,9,9,9,9,9,9,9,9,9,9,9,9,9,9,9,9,9,9,9,9","23,23,23,23,48,92,92,92,92,92,92,92,92,92,92,92,92,92,92,92,92,92,92,92,93,94,96"
3143,Der Festsaal im 2. OG,54ac94bb-220e-49fe-8d87-b55c872a2520,1742,1742.0,1742.0,HALLS,"25F24(BOAR),25F26(HARE),25F33(Falcon),25F33(VULTURE),34B113,43C1147,43C11482,45A1,45A2,92B5,92C27,94P21","2,2,2,2,3,4,4,4,4,9,9,9","25,25,25,25,34,43,43,45,45,92,92,94"
3170,Das ehemalige Courzimmer,5d0fd891-2397-4cba-b85a-578eaaaaf64a,1680,1680.0,1680.0,ANTEROOMS,71F3,7,71
3182,Der Hauptsaal,7c757fec-f851-4d85-8f4c-4dd0cce6fee2,1725-1730,1725.0,1730.0,MAIN_HALLS,"25F36(Swan),91B111,92B171,92B373,92B4,92C1,92C3,92C4,92D1916,92D3,92D7,92D851,92H1,92L2,92M1,94L,96B721","2,9,9,9,9,9,9,9,9,9,9,9,9,9,9,9,9","25,91,92,92,92,92,92,92,92,92,92,92,92,92,92,94,96"
3212,Mögliches Paradeschlafzimmer,0565fbd4-2f03-4989-b901-fc1081637148,1725-1726,1725.0,1726.0,BEDROOMS,"71D,71D1151,71D125,71D1271,71D1282,71D133,71D135","7,7,7,7,7,7,7,7,7,7,7,7","71,71,71,71,71,71,71,71,71,71,71,71"
3218,Ein Kabinett,5d89a4a4-89ad-486f-80a8-f72bd87f82f6,1695,1695.0,1695.0,CABINETS_ROOMS,"53C11,92D1916","5,9","53,92"
3236,Das sogenannte Grüne Gemach,9a2dec0c-b252-4e0f-9337-dcc0998fb60a,1686-1688,1686.0,1688.0,BEDROOMS,25HH,2,25
3245,Das Treppenhaus,7bde3355-6f7d-4e8c-bed9-86f816bdf323,1685-1695,1685.0,1695.0,STAIRWELLS,"24C217,44B112,92B4,92B53,92C2,92H1,94S","2,4,9,9,9,9,9","24,44,92,92,92,92,94"
3266,Kronprinzenvorzimmer,ecf01365-88f2-4b02-bdf8-097e510e80b2,1715-19,1715.0,1719.0,ANTEROOMS,"92B3711,92D1916","9,9","92,92"
3296,Das so genannte Jagdzimmer,7dc5a8fa-e9ae-40eb-bac0-0f83dd0674e1,1726-1727,1726.0,1727.0,ANTEROOMS,"43C11,43C111,43C112,43C1121,43C113,43C1132,43C114,92C3,92C351,92C3511,92C378,92C379,92C4915","4,4,4,4,4,4,4,4,9,9,9,9,9,9","43,43,43,43,43,43,43,43,92,92,92,92,92,92"
3308,Das Malzimmer,96419a3c-19b4-4528-8229-8167e61c70ac,"1779, 1783-1785",1779.0,1785.0,CABINETS_ROOMS,"48C510,92D1916","4,9","48,92"
3332,Der Zuschauerraum,766e547e-66a8-43db-91b8-6dfccf2a438f,"1664-1667, 1685-1686",1664.0,1686.0,THEATERS_ROOMS,"23R110,92B3711","2,9","23,92"
3335,Rittersaal,bbb96393-85a1-469c-93e3-cb4c2289fc61,1725-1727,1725.0,1727.0,MAIN_HALLS,"11M4(+0),92L6(+0),96B661","1,9,9","11,92,96"
3347,Die östliche Galerie (Fürstengang),1f264b8f-b868-414b-a1ab-3feceaf180bb,1715-19,1715.0,1719.0,LONG_GALLERIES,"23D41,23D42,23D43,96A5(ABUNDANTIA)","2,2,2,9","23,23,23,96"
3353,2. Paradevorkammer (798),24ce5337-8078-4d70-be6f-4161fee190fb,um 1701,1701.0,1701.0,ANTEROOMS,11MM44,1,11
3359,Großer Saal (Rittersaal),15685f4a-3727-4110-8967-1d8287431997,1601-1605,1601.0,1605.0,MAIN_HALLS,43C11,4,43
3386,Das Treppenhaus,1e6d5bb4-db82-4fb5-aea3-fd7c32078d6a,1726-1727,1726.0,1727.0,STAIRWELLS,"92H178,92H391,92I2","9,9,9","92,92,92"
3398,Kapelle,a45827e2-98b0-44ed-a9f8-7c480a1b7af2,1743,1743.0,1743.0,CHAPELS_ROOMS,11L54141,1,11
3934,Grafenloge,55b6b5bf-1ce4-43ec-808f-943292a46c87,um 1712,1712.0,1712.0,PATRONAGE_LODGES,"11D13152,11D3,11D324,11E1,11E4,11G1911,11M23,11M31,11M33,11M43,11M44,11Q112,11Q7141,11Q71411,11Q764,11R511,13A323,23U22,24A1,25F39(DOVE),25G11,25G3,25H13,25H138,25HH,25HH13811,25HH14,25HH217,25HH232,25I12,25II12,25II9,26A,26B,26B3,31A2221,31A2331,31A255,31A2554,31A2761(+0),31A511,31G332(+0),41A323,41A3281,41A3284,41A3321,41A4231,41B4,44G251,46B354(+0),46C21,46C22,46C221,46C223,46C2831,46CC21,48A9871,48A9875,48A9876,48C7352,49E254,58B213,58B213(+4),71A321,73E42,73E42(+3)","1,1,1,1,1,1,1,1,1,1,1,1,1,1,1,1,1,1,2,2,2,2,2,2,2,2,2,2,2,2,2,2,2,2,2,2,2,2,3,3,3,3,3,3,3,3,3,3,4,4,4,4,4,4,4,4,4,4,4,4,4,4,4,4,4,4,4,4,4,4,4,4,4,4,4,4,4,4,4,5,5,7,7,7","11,11,11,11,11,11,11,11,11,11,11,11,11,11,11,11,11,13,23,24,25,25,25,25,25,25,25,25,25,25,25,25,25,25,25,26,26,26,31,31,31,31,31,31,31,31,31,31,41,41,41,41,41,41,41,41,41,44,46,46,46,46,46,46,46,48,48,48,48,48,48,48,48,48,48,48,48,48,49,58,58,71,73,73"
3948,Zentralraum,099b5a44-9351-43d7-b481-442c611c89e4,1742,1742.0,1742.0,ROYAL_CHAPELS_ROOMS,"11B333,11H(AMBROSIUS),11H(AUGUSTINE),11H(GREGORY),11H(JEROME),11H(JOHN)35,11H(LUKE)35,11H(MARK)35,11H(MATTHEW)35,11M41,11M42,11M43,11M44","1,1,1,1,1,1,1,1,1,1,1,1,1","11,11,11,11,11,11,11,11,11,11,11,11,11"
3952,Das Treppenhaus des Landkomturs Johann Franz von Reinach,9971a1a0-a59e-46ed-9801-80c24f7e9044,"1710, um 1727",1710.0,1727.0,STAIRWELLS,"91B13661,94L321,94L327,94L331,94L33231,94L4113,95A(ICARUS)681","9,9,9,9,9,9,9","91,94,94,94,94,94,95"
3954,Das Treppenhaus zur Wohnung des Kastellans,0fc65cd4-ab0f-400b-a209-9bf5dc53ccb2,1729-1731,1729.0,1731.0,STAIRWELLS,"92I76,94L79","9,9","92,94"
3958,Der Kapellenraum,2b92ec37-1e28-4b4e-9582-c4f21abfc98a,um 1750,1750.0,1750.0,CHAPELS_ROOMS,"11Q7141,11T61,46C21,73D244,73G222","1,1,4,7,7","11,11,46,73,73"
3959,Der Saal mit Stuckdekor der vier Elemente,90c9eba9-b37b-4d0a-b452-9dee8c5614aa,um 1750,1750.0,1750.0,HALLS,"25H214,43C11","2,4","25,43"
3962,Musikzimmer,d0547bd5-519b-475e-873b-c743e111720e,"1716/1717, 1727",1716.0,1727.0,SALONS_ROOMS_FOR_ENTERTAINING,"26A,48C7324,92B379,92D1916","2,4,9,9","26,48,92,92"
3963,Saal,d38887a7-b217-46d7-abc5-449e1eac4ab6,"1716/1717, 1727",1716.0,1727.0,HALLS,"25F75(CORAL),25FF62,25H13,31A4561,41B1,45B,46C1442,92H18(TRIDENT),92I23","2,2,2,3,4,4,4,9,9","25,25,25,31,41,45,46,92,92"
3964,Das Tafelzimmer,4148abe4-8774-42f7-b137-51267fd0ba95,1727,1727.0,1727.0,MANSION_DINING_ROOMS,"11Q71441,25G21(PEACH),41C311,41C652,41C653,47I14,47I1421,92B379,92D1916,92M179","1,2,4,4,4,4,4,9,9,9","11,25,41,41,41,47,47,92,92,92"
3965,Wohnzimmer der Dame mit Flora,a00b525a-6979-4077-ad76-7c188f1bb897,1727,1727.0,1727.0,SITTING_ROOMS,"25G41,92D1916,92E547,96A237","2,9,9,9","25,92,92,96"
3966,Wohnzimmer des Herrn mit Mars,d4bfd928-0e9c-4236-a844-b810d4ff01ad,"1717, 1727",1717.0,1727.0,SITTING_ROOMS,"31A27631,92B479,92C47,92D1916","3,9,9,9","31,92,92,92"
3967,Treppenhaus,4c29fd63-922b-4614-af3d-a491b7e90253,"1716/1717, 1727",1716.0,1727.0,STAIRWELLS,"11M33,25F36(PELICAN),25G41,26A,46B3311,48C7352,59B32,59C2,92D1916","1,2,2,2,4,4,5,5,9","11,25,25,26,46,48,59,59,92"
3972,Eingangshalle,9e0aa2cd-38c9-44ee-81f6-656eb6f8fb14,1690-1700,1690.0,1700.0,MAIN_HALLS,"11G,46A122","1,1,4,4","11,11,46,46"
3972,Eingangshalle,9e0aa2cd-38c9-44ee-81f6-656eb6f8fb14,1690-1700,1690.0,1700.0,STAIRWELLS,"11G,46A122","1,1,4,4","11,11,46,46"
3973,Das so genannte Esszimmer,d0680515-f4b2-4241-a115-1cca67672c0e,1700,1700.0,1700.0,BANQUET_HALLS,"25A1420,44B112(+0),46C223","2,4,4,4","25,44,46,46"
3987,Die Eingangshalle,5a5d1e36-d347-46e8-bc37-c35428b0c30e,"1710-1720, 1760-1765",1710.0,1765.0,MAIN_HALLS,"11P31,14A,25B1,25B2,25B3,25B4,25F35(COCKATOO),25F35(Parrot),32B31,32B32,32B342,43A4321,44B1,48C143,48C145,48C72(+0),49C3,92C27,96A5(FAMA),96B661","1,1,1,1,2,2,2,2,2,2,2,2,2,2,2,2,3,3,3,3,3,3,4,4,4,4,4,4,4,4,4,4,4,4,4,4,4,4,4,4,4,4,4,4,4,4,4,4,4,4,4,4,4,4,9,9,9,9,9,9","11,11,14,14,25,25,25,25,25,25,25,25,25,25,25,25,32,32,32,32,32,32,43,43,44,44,48,48,48,48,48,48,48,48,48,48,48,48,48,48,48,48,48,48,48,48,48,48,48,48,48,48,49,49,92,92,96,96,96,96"
3987,Die Eingangshalle,5a5d1e36-d347-46e8-bc37-c35428b0c30e,"1710-1720, 1760-1765",1710.0,1765.0,STAIRWELLS,"11P31,14A,25B1,25B2,25B3,25B4,25F35(COCKATOO),25F35(Parrot),32B31,32B32,32B342,43A4321,44B1,48C143,48C145,48C72(+0),49C3,92C27,96A5(FAMA),96B661","1,1,1,1,2,2,2,2,2,2,2,2,2,2,2,2,3,3,3,3,3,3,4,4,4,4,4,4,4,4,4,4,4,4,4,4,4,4,4,4,4,4,4,4,4,4,4,4,4,4,4,4,4,4,9,9,9,9,9,9","11,11,14,14,25,25,25,25,25,25,25,25,25,25,25,25,32,32,32,32,32,32,43,43,44,44,48,48,48,48,48,48,48,48,48,48,48,48,48,48,48,48,48,48,48,48,48,48,48,48,48,48,49,49,92,92,96,96,96,96"
3988,Die Kapelle,36d7d0fe-368e-410e-8f76-f0ae3950651c,1713-1725,1713.0,1725.0,CHAPELS_ROOMS,73D2,7,73
4008,Das Erste Gästezimmer / Das Grüne Lackkabinett,68d821ba-9a31-49d9-9ecf-57010384163d,"1747/48, 1771-75",1747.0,1775.0,SITTING_ROOMS,"25G3(LAUREL),31D14","2,3","25,31"
4013,Der Jaspissaal,b003e849-7147-4a61-b91f-cc5daa13f3d0,"1747/48, 1771-1775",1747.0,1775.0,GALLERIES_DISPLAY_SPACES,"92C454,92D13,92D1916,92D3,92E5479,96A2379","9,9,9,9,9,9","92,92,92,92,92,96"
4015,Die Kapelle,0c1a423d-b064-47f2-83f5-01acc928ffde,"1725, 1769-1771",1725.0,1771.0,CHAPELS_ROOMS,"11C11,11C2,11D121(+3),11D3,11E1,11G,11H(JOHN),11H(LUKE),11H(MARK),11H(MATTHEW),11I41,11M3,11M31,11M32,11M33,11P3111,11Q71441,73A31,73A34,73A5,73A6,73E77,92D1916","1,1,1,1,1,1,1,1,1,1,1,1,1,1,1,1,1,7,7,7,7,7,9,9","11,11,11,11,11,11,11,11,11,11,11,11,11,11,11,11,11,73,73,73,73,73,92,92"
4031,Saal im zweiten Obergeschoss,09b5bd64-0dee-413f-8bf1-0f44f5db9260,1726,1726.0,1726.0,HALLS,"25B,44B10,73C712","2,4,7","25,44,73"
4033,Der Salon zur Linken,4eab43dc-8ad2-4d81-9b24-73090f6c699a,1745-1757,1745.0,1757.0,HALLS,"25H155,25I3,41A17,43C92,46A222,47I2112,47I223,48CC7525","2,2,4,4,4,4,4,4","25,25,41,43,46,47,47,48"
4036,Der Saal,4d7c0081-49fb-48b9-a1a2-8217a2fa864a,1764,1764.0,1764.0,SALA_TERRENA,"31D16,32B33(INDIANS)(+2),32B3311(+3),41AA3372,46C21,48C1431,48C1621,48C1623","3,3,3,4,4,4,4,4","31,32,32,41,46,48,48,48"
4037,Saal,cf6f21bd-a552-4c8c-aaf3-e33487bfcd46,1700-1720,1700.0,1720.0,MAIN_HALLS,"41A10,42E33,48C510,48C520,51H42,54A11,59B31,91E211,92B11221,92D1916,96A5(CONCORDIA),96A5(FAMA),96A5(JUSTITIA),96A5(PAX)","4,4,4,4,5,5,5,9,9,9,9,9,9,9","41,42,48,48,51,54,59,91,92,92,96,96,96,96"
4048,Empfangszimmer / Blauer Salon,bd1f2fa2-07dd-43b9-9005-f2904608bbf4,1767,1767.0,1767.0,PRESENCE_CHAMBERS,"22C4(BLUE),33C23","2,3","22,33"
4049,Speisesaal,e196576c-4335-4e7c-b185-1371bb2750a5,1767,1767.0,1767.0,BANQUET_HALLS,"23D43,23D44,25C12,25G41,25G4111,59B32,92B1,92B4,92C1,92C2,92C3,92C4,92D1916,92D7,92H1,92L41,93B,94L,96A5(FAMA)","2,2,2,2,2,5,9,9,9,9,9,9,9,9,9,9,9,9,9","23,23,25,25,25,59,92,92,92,92,92,92,92,92,92,92,93,94,96"
4050,Kabinett / Grünes Kabinett,ee3f4471-c1ab-4a19-9ab0-79b99853932f,1767,1767.0,1767.0,CABINETS_ROOMS,"25G4111,48A98311,92D1916","2,4,9","25,48,92"
4051,Der Obere Saal,81cd63d4-8566-4caa-a71e-528c386578ae,1770-1772,1770.0,1772.0,HALLS,"24,24A2,26A","2,2,2","24,24,26"
4053,Das Schlafzimmer der Gemahlin,bf73b1ec-1d28-4d95-95aa-0ac79284d1c4,1774-1775,1774.0,1775.0,BEDROOMS,48C85431(HARLEQUIN),4,48
4057,Der Galeriesaal,2798a293-3551-4012-a913-cc634face44e,1701-1702,1701.0,1702.0,LONG_GALLERIES,"25I152,25I153(+0),48C,48C10,48C20,48C520,48C530,48C70,48C901,52C5(+1),91B111,92B3,92B5,92C211,92D1916,92D4,97,98B(OVID)","2,2,4,4,4,4,4,4,4,5,9,9,9,9,9,9,9,9","25,25,48,48,48,48,48,48,48,52,91,92,92,92,92,92,97,98"
4061,Das so genannte Erste Zimmer des Nordflügels,10f0d1b9-716f-4711-b82d-ed35c8a65296,1690-1695,1690.0,1695.0,ANTEROOMS,94D132,"9,9","94,94"
4061,Das so genannte Erste Zimmer des Nordflügels,10f0d1b9-716f-4711-b82d-ed35c8a65296,1690-1695,1690.0,1695.0,VESTIBULES,94D132,"9,9","94,94"
4063,Das Opernhaus am Hauptbau,2c35d2d5-8f40-4a96-87fa-5e11b3d598cf,"1695-1697, 1715",1695.0,1715.0,THEATERS_ROOMS,"24F,26A","2,2","24,26"
4064,Die Galerie der Herzogin,3cfd5819-4ecd-4899-9824-515206b8eb36,1690-1695,1690.0,1695.0,LONG_GALLERIES,"11M33,11M41,11M42,11M44,42F0,45A20,46A170,52A23,52DD3,53A21,55C21,56BB12,56D1,57A62,57A64,57B21,71C122(+0),71C21,71C314,71F154,71F6,71H8764,71U4,73A5,73A6,73C431,73C72214,73C7223,73D132,73D6,73E31,73F22334","1,1,1,1,4,4,4,5,5,5,5,5,5,5,5,5,7,7,7,7,7,7,7,7,7,7,7,7,7,7,7,7","11,11,11,11,42,45,46,52,52,53,55,56,56,57,57,57,71,71,71,71,71,71,71,73,73,73,73,73,73,73,73,73"
4065,Die Schlosskapelle,5a40385e-f831-45e0-8f99-089a2394bae3,1690,1690.0,1690.0,CHAPELS_ROOMS,73E5,7,73
4066,Der Hauptsaal,9d899f52-2c95-41bd-9d11-6b0a72792d5f,1685-1690,1685.0,1690.0,BANQUET_HALLS,92K1,"9,9","92,92"
4066,Der Hauptsaal,9d899f52-2c95-41bd-9d11-6b0a72792d5f,1685-1690,1685.0,1690.0,MANSION_DINING_ROOMS,92K1,"9,9","92,92"
4067,Der Speisesaal im Nordflügel des Hauptbaus,ac621c52-b69a-4d0b-8f41-bc97b1d69483,1690-1695,1690.0,1695.0,BANQUET_HALLS,25H2130,"2,2","25,25"
4067,Der Speisesaal im Nordflügel des Hauptbaus,ac621c52-b69a-4d0b-8f41-bc97b1d69483,1690-1695,1690.0,1695.0,MANSION_DINING_ROOMS,25H2130,"2,2","25,25"
4068,Das Haupttreppenhaus,c21fa4c8-3977-4808-96c8-a8a1b0ae6e74,1685-1690,1685.0,1690.0,STAIRWELLS,92B37,9,92
4069,Das erste Vorzimmer im Raum südlich des Hauptsaals,f6391a55-c925-425f-94ac-1f4ff04661bd,1690-1695,1690.0,1695.0,ANTEROOMS,93A2,"9,9","93,93"
4069,Das erste Vorzimmer im Raum südlich des Hauptsaals,f6391a55-c925-425f-94ac-1f4ff04661bd,1690-1695,1690.0,1695.0,VESTIBULES,93A2,"9,9","93,93"
4071,Die ehemaligen Galerien,266bbec0-77a5-4924-ac1c-afa9cf96d313,1704-1710,1704.0,1710.0,LONG_GALLERIES,"41A44,41A541,41A772,44B191,48A98312,48A9863,48A9875,48A9876,48C1423,48C1426,48C161,48C1611,48C162,48C2,61F(ORANGERIE KASSEL),92B5722,92D1916,94L,94L8(CLUB)","4,4,4,4,4,4,4,4,4,4,4,4,4,4,6,9,9,9,9","41,41,41,44,48,48,48,48,48,48,48,48,48,48,61,92,92,94,94"
4074,Ein ehemaliger Saal im östlichen Eckpavillon,ea4d6ed0-abc4-4413-960f-6e752ed71ef2,1704-1710,1704.0,1710.0,HALLS,"92B12,92B1222,92B3731,92D421,92D422,92D423,92D424,92D425,92D426,92D427,92D428,92D429,93D1","9,9,9,9,9,9,9,9,9,9,9,9,9","92,92,92,92,92,92,92,92,92,92,92,92,93"
4076,Vorkammer (Erste Hautelisse-Kammer),a70db0f1-9802-487c-934f-b35ee023f0e2,"1699, 1963, 1974",1699.0,1699.0,ANTEROOMS,"25F36(Swan),25H112,31B1,92B3731,92D1,92D18(BOW),92D1916,92D3,93D1","2,2,3,9,9,9,9,9,9","25,25,31,92,92,92,92,92,93"
4078,Gläserne Schlafgemach,d6015a86-82fe-4487-ac95-a80a00a41472,"1699, 1959, 1973",1699.0,1699.0,ANTEROOMS,"25F39(DOVE),31B1,41AA11,92B1,92B18(EAGLE),92B18(THUNDERBOLT),92B3,92B38(LYRE),92B4,92C1,92C2,92C4,92D1,92D18(BOW)","2,2,3,3,4,4,4,4,4,4,9,9,9,9,9,9,9,9,9,9,9,9,9,9,9,9,9,9,9,9,9,9,9,9","25,25,31,31,41,41,41,41,41,41,92,92,92,92,92,92,92,92,92,92,92,92,92,92,92,92,92,92,92,92,92,92,92,92"
4078,Gläserne Schlafgemach,d6015a86-82fe-4487-ac95-a80a00a41472,"1699, 1959, 1973",1699.0,1699.0,BEDROOMS,"25F39(DOVE),31B1,41AA11,92B1,92B18(EAGLE),92B18(THUNDERBOLT),92B3,92B38(LYRE),92B4,92C1,92C2,92C4,92D1,92D18(BOW)","2,2,3,3,4,4,4,4,4,4,9,9,9,9,9,9,9,9,9,9,9,9,9,9,9,9,9,9,9,9,9,9,9,9","25,25,31,31,41,41,41,41,41,41,92,92,92,92,92,92,92,92,92,92,92,92,92,92,92,92,92,92,92,92,92,92,92,92"
4083,Goldenes Kabinett,9a777548-4560-42d5-9839-be0872f8ae9c,1702-1704,1702.0,1704.0,CABINETS_ROOMS,"48A9879,48C10,48C510,48C70,48C901,92B38(...)(+0),92B38(LYRE),92D1916","4,4,4,4,4,9,9,9","48,48,48,48,48,92,92,92"
4085,Kapelle,15a8a039-a8af-4dbe-a5f1-2ca7ed633d60,1704-1706,1704.0,1706.0,PRIVATE_CHAPELS,"11C15,11G21,11G25,23A2,73E795,92D1916,96A5(FAMA)","1,1,1,2,7,9,9","11,11,11,23,73,92,96"
4087,Arbeitszimmer,6043f21b-20d9-4f77-9e96-7f55fd1c6e0c,"1706, 1943",1706.0,1706.0,COUNTING_ROOMS,"23H4,23O,23O(+0),24,25A13,25G21,31AA2312,31D12,41A7751,41B1,41B32(+1),43C1141,43C1144,43C1147,43C512,43C9,48A9872,48A9879,48C161,48C1634,48C165,48C7323,48C7342,48C735,48C74,48C75,49C3,49D333(+0),49MM32,92B11221,92C371,92D1916,92D19163,92L18(THYRSUS),92M18(SICKLE),92M2,94N,96A11,96A238,98B(PYTHAGORAS)(+0)","2,2,2,2,2,2,3,3,3,4,4,4,4,4,4,4,4,4,4,4,4,4,4,4,4,4,4,4,4,4,9,9,9,9,9,9,9,9,9,9,9,9,9,9","23,23,23,24,25,25,31,31,31,41,41,41,43,43,43,43,43,48,48,48,48,48,48,48,48,48,48,49,49,49,92,92,92,92,92,92,92,92,92,92,94,96,96,98"
4089,Porzellankabinett,9370b97b-a20a-4d7f-a7ad-df0491699877,1702-1706,1702.0,1706.0,CABINETS_ROOMS,"23D4,23H4,23O(+0),24A7,25B1,25B2,25B3,25B4,25F22,25F24(STAG),41A541,43C1147,46A122(...)4,48A9875,91B111,92B3,92D1916,96A43","2,2,2,2,2,2,2,2,2,2,4,4,4,4,9,9,9,9","23,23,23,24,25,25,25,25,25,25,41,43,46,48,91,92,92,96"
4090,Schlafzimmer,a35a3ae6-bc42-4500-8bde-c30b40b078cf,1702-1706,1702.0,1706.0,BEDROOMS,"23O,48A9872,48A9879","2,4,4","23,48,48"
4092,Audienzkammer,eda57e53-7dda-4b9e-aa6c-1d0d9c69d435,1702-1706,1702.0,1706.0,PRESENCE_CHAMBERS,"23U22,24A2,26A,31A2226(+0),41C326,44B191(+0),46C2822,48C10,48C1423(+0),48C15,48C20,48C25,48C510,48C5151,48C5152,48C70,48C73,48C90111,48C9012,49D5111,49E10,49E220,49E2513,49MM32,92C2,92C28,92D1916,92D4,92I76,93D1","2,2,2,3,4,4,4,4,4,4,4,4,4,4,4,4,4,4,4,4,4,4,4,4,9,9,9,9,9,9,9,9,9","23,24,26,31,41,44,46,48,48,48,48,48,48,48,48,48,48,48,48,49,49,49,49,49,92,92,92,92,92,92,92,92,93"
4100,Das Treppenhaus (Raum 66/181),a6a29275-b17d-4cb7-9356-7d546c1e1612,1746-1748,1746.0,1748.0,STAIRWELLS,"25A13,43A433,45A20,48C7351,49D5111,49D5112,49M32,55B1,59B32,92B11221,92C27,92D1916","2,4,4,4,4,4,4,5,5,9,9,9","25,43,45,48,49,49,49,55,59,92,92,92"
4107,Der Festsaal,5386362a-7e3f-4441-9fb5-161db3ed9e82,"1755-56, 1771-80, 1850",1755.0,1780.0,HALLS,"11R1(+0),20(+0),22C31,23U22,25G4111,41D2211,61B2(...)11,92B375,92B38(LYRE),92D1916,92D4,94L71,94L8(LIONS SKIN)","1,2,2,2,2,4,6,9,9,9,9,9,9","11,20,22,23,25,41,61,92,92,92,92,94,94"
4142,Die Bibliothek,d2c2f6c6-d1ee-4cd1-8684-af42192ce6af,1764,1764.0,1764.0,LIBRARIES_ROOMS,"25I13,43B42,92B17,92B37,92D1,94L7,98C(CLEOPATRA)6","2,4,9,9,9,9,9","25,43,92,92,92,94,98"
4145,Das westliche Alkovenkabinett,b6a873c9-ef0c-441a-ad8d-fb89742e38e9,1752-1754,1752.0,1754.0,CABINETS_ROOMS,"32B3311,41A6711,48A98","3,4,4","32,41,48"
4146,Das östliche Alkovenkabinett,d476796d-cdb0-4830-af50-533e19723cb0,1752-1754,1752.0,1754.0,BEDROOMS,"25F3,41A6711,41A774,48A98,48A9879,92D1916","2,2,4,4,4,4,4,4,4,4,9,9","25,25,41,41,41,41,48,48,48,48,92,92"
4146,Das östliche Alkovenkabinett,d476796d-cdb0-4830-af50-533e19723cb0,1752-1754,1752.0,1754.0,CABINETS_ROOMS,"25F3,41A6711,41A774,48A98,48A9879,92D1916","2,2,4,4,4,4,4,4,4,4,9,9","25,25,41,41,41,41,48,48,48,48,92,92"
4148,Das sog. Nischenzimmer,f190ccc8-5408-4957-9883-14b8556e4243,1752-1754,1752.0,1754.0,CABINETS_ROOMS,"23R14,43C11,92D1916","2,4,9","23,43,92"
4155,Das Haupttreppenhaus,03ec7890-0c8a-43d7-b24f-ec10df38e844,1740-1760,1740.0,1760.0,STAIRWELLS,"11E542,11M2,11N1,11N32,11N35,23U22,48C10,48C20,48C510,53C11,54A2,55C21,57A71,57A73,91B1117,92B47,92C27,92C47,92D3,92D421,96A5(VIRTUS)","1,1,1,1,1,2,4,4,4,5,5,5,5,5,9,9,9,9,9,9,9","11,11,11,11,11,23,48,48,48,53,54,55,57,57,91,92,92,92,92,92,96"
4157,Das Oratorium in der Orangerie an der Schlosskirche,2c10bda2-9b03-4b0b-9628-a0d12fd62ed3,1735-1745,1735.0,1745.0,PRIVATE_CHAPELS,"11H,48C14","1,4","11,48"
4159,Der Speise- oder Musiksaal,41101c9f-bcfd-4258-b38f-ed483a49b1b5,1745-1755,1745.0,1755.0,BANQUET_HALLS,"91B1117,92B37,92B371,92B3731,92D1916,92D421,92D422,92D423,92D424,92D425,92D426,92D427,92D428,92D429,92E178,96A5(FAMA)","9,9,9,9,9,9,9,9,9,9,9,9,9,9,9,9","91,92,92,92,92,92,92,92,92,92,92,92,92,92,92,96"
4160,Der Gardesaal,7d6f8af1-910f-46aa-82d8-50f432e58514,1745-1755,1745.0,1755.0,ANTE_HALLS,"11E541,11E543,12U(...)17,25B,25B1,25B2,25B3,25B4,45B52,57A68,92B57,96A5(FAMA),96A5(JUSTITIA),96B721","1,1,1,2,2,2,2,2,4,5,9,9,9,9","11,11,12,25,25,25,25,25,45,57,92,96,96,96"
4162,Die Nepomukkapelle,12066399-fe2a-40d4-a8f9-ad05f3090b18,1747-1750,1747.0,1750.0,ROYAL_CHAPELS_ROOMS,43A4321,4,43
4168,Die Heilig-Geist-Kapelle im Sommerappartement,9ede9153-3c6e-4255-8e50-ceeac8cdc6d0,1750-1755,1750.0,1755.0,PRIVATE_CHAPELS,"11C,11G2,11G25","1,1,1","11,11,11"
4170,Das Haupttreppenhaus,66c4d7eb-af87-43c1-8bf5-8b58bdbbbfd6,1699,1699.0,1699.0,STAIRWELLS,"23D4,31A331,34B11,41A541,41A6711,43C1(+0),92B39117,92D1916","2,3,3,4,4,4,9,9","23,31,34,41,41,43,92,92"
4172,Das Grüne Kabinett,d92543b4-d4af-4431-9e72-2f1a16e94e9a,1695-1705,1695.0,1705.0,CABINETS_ROOMS,"92L1,92L19(+0)","9,9","92,92"
4177,Die Rats- und Waisenstube,827ec138-ad34-4f00-9eb8-6a1559586f8b,1712-13,1712.0,1713.0,COUNCIL_CHAMBERS,"11M44,24A1,25G21,26A,43A433,44BB191,45C13(SWORD),46B3311,92B11221,92D1916","1,2,2,2,4,4,4,4,9,9","11,24,25,26,43,44,45,46,92,92"
4180,Die Eingangshalle,2a5722d4-d780-4f2c-8ffd-281d6ea2c780,1693-1698,1693.0,1698.0,ANTEROOMS,"11HH(MARY MAGDALENE)36,71M12,73A18","1,7,7","11,71,73"
4192,Das nordwestliche Kabinett,026cb02b-f98d-4afc-b5a4-68963180ea72,1754-1756,1754.0,1756.0,CABINETS_ROOMS,"25G41(SUNFLOWER),48A9875","2,4","25,48"
4195,Der Saal,1de73333-a443-48be-a570-f54223633fd5,1754-1756,1754.0,1756.0,HALLS,"12H13(BUDDHA)(+0),24,25F22,25F35(Parrot),25F35(Peacock),25G4111,32B3311,32B3311(+3),41A541,41A646,41C653,48A9863,48C168(OCULUS),48C72","1,2,2,2,2,2,2,2,2,2,2,3,3,4,4,4,4,4,4","12,24,25,25,25,25,25,25,25,25,25,32,32,41,41,41,48,48,48"
4198,Das nordöstliche Kabinett,eff3b624-307f-4ce6-9a4a-f938fa84416e,1754-1756,1754.0,1756.0,CABINETS_ROOMS,"25G41(Rose),48A9875","2,4","25,48"
4199,Das so genannte Pogwischzimmer,f3d118f1-bfd9-4991-9f69-122f10d810db,"1646, 1725",1646.0,1725.0,HALLS,"41A541,41A646,41A6711,48C1611","4,4,4,4","41,41,41,48"
4206,Der Hauptsaal,3622c61a-a9b4-441b-954c-b782a2b9568a,1669-1671,1669.0,1671.0,MAIN_HALLS,"23D4,41A3911,41A6,44A1,48A9875,48C72,61BB2(FRIEDERIKE AMALIE VON DAENEMARK)11,92B1,92B3,92B4,92C1,92C2,92C3,92C38(HIRSCHKUH),92C4,92D1,92D1916,92D19161,92D4,92L1791,92L41,92M1,93A2,96A23","2,4,4,4,4,4,6,9,9,9,9,9,9,9,9,9,9,9,9,9,9,9,9,9,9,9,9,9,9","23,41,41,44,48,48,61,92,92,92,92,92,92,92,92,92,92,92,92,92,92,92,92,92,92,92,92,93,96"
4207,"Das obere Vestibül, der so genannte Florasaal",3a043362-3054-4532-9722-79a33a5b9e99,1749-1751,1749.0,1751.0,VESTIBULES,"22C1,24B1,24B3,24C191,24D1,25F36(SWAN)(+342),25F37(IBIS),25F711(BUTTERFLY)(+342),25G41(Rose),26A,31A533(APOLLINISCHER HAARKNOTEN),34B232,41A6711(+0),41C762,43A433,45C15(BOW),45C22,47D8(CHISEL),48B121,48C10,48C20,48C24(+0),48C25(MEISSEL),48C510,48C514(+66),48C5151,48C5152,48C5153,48C70,48C7321,48C7323,48C7351,48C74,48C90,48C901,49C113,49C122,49D4,49D40,49D51,49G0,49L5,49L52,49L645,49M32,92B3,92B38(LYRE),92B4,92B48(RUESTUNG),92C3,92C38(BOGEN),92C38(MONDSICHEL),92C4,92D1,92D18(BOW AND ARROW),92D18(QUIVER),92H1,92H18(TRIDENT),96A2378","2,2,2,2,2,2,2,2,2,2,3,3,4,4,4,4,4,4,4,4,4,4,4,4,4,4,4,4,4,4,4,4,4,4,4,4,4,4,4,4,4,4,4,4,4,4,4,9,9,9,9,9,9,9,9,9,9,9,9,9,9","22,24,24,24,24,25,25,25,25,26,31,34,41,41,43,45,45,47,48,48,48,48,48,48,48,48,48,48,48,48,48,48,48,48,48,49,49,49,49,49,49,49,49,49,49,49,49,92,92,92,92,92,92,92,92,92,92,92,92,92,96"
4215,Das Schlafzimmer und seine Wandmalereireste,494619eb-f456-43eb-af62-aa417410a410,"1675-1680, 1720-1725",1675.0,1725.0,BEDROOMS,23D43,2,23
4217,Das Betkabinett mit Altarbereich,af19c15b-c1ad-46cf-8691-4584eb1d8178,1695-1715,1695.0,1715.0,PRIVATE_CHAPELS,"11G,11G21,11HH(FAITH),49L71,49L73,57A62","1,1,1,4,4,5","11,11,11,49,49,57"
4220,Das Münzkabinett,ffba6493-0237-4790-861e-8c8b20b7a55a,1712-1713,1712.0,1713.0,GALLERIES_DISPLAY_SPACES,"25B1,25B2,25B3,25B4","2,2,2,2","25,25,25,25"
4234,Herrenzimmer / Decke,778cac90-695e-4f5b-bc5b-33758a5f969a,1700-1705,1700.0,1705.0,HALLS,"25G3(LAUREL)(+1),45C2,45C221,92B491(+8),92D1916","2,4,4,9,9","25,45,45,92,92"
4265,Treppenhaus,6d29c022-cc1a-42bb-b895-a4edf96edb37,1759,1759.0,1759.0,STAIRWELLS,96A5(FIDES),9,96
4269,Der Gartensaal,8c74c93a-64ba-458e-95eb-88d87be0ae8c,1750–52,1750.0,1752.0,HALLS,"24F,41A541,48C1623,5(+2)","2,4,4,5","24,41,48,5(+2)"
4271,Der ehem. Theatersaal (Opernhaus),8736d44b-9dc9-432c-b59c-fb839ba61fff,1600-1700,1600.0,1700.0,THEATERS_ROOMS,"31A27631,41A44,41A541,48A9875,91B111,92A,92B1,92B1711,92B5,92C1,92C2,92C3,92C4,92D1916,92H1,94L","3,4,4,4,9,9,9,9,9,9,9,9,9,9,9,9","31,41,41,48,91,92,92,92,92,92,92,92,92,92,92,94"
4286,Theatersalon,1d3ee865-e44e-4eb7-b503-b1bbe3d6f8d5,1738/1739,1738.0,1739.0,THEATERS_ROOMS,"25F34,25G41(POPPY)(+23),26A,31BB11,41A761,41A7632,41B34,44B191,46B311,48A9875,49LL71,92B11221,92D1916,92N6(+7)","2,2,2,3,4,4,4,4,4,4,4,9,9,9","25,25,26,31,41,41,41,44,46,48,49,92,92,92"
4293,Das Römische Zimmer auf Schloss Ballenstedt,7e95726a-416d-4134-9ce1-da8ca0c9a18c,1766-1773,1766.0,1773.0,PRESENCE_CHAMBERS,"48C149,61E(ROMA),61F(PORTA MAGGIORE),61F(SEPOLCRO DI CECILIA METELLA),61F(TEMPIO DELLA SIBILLA)","4,6,6,6,6","48,61,61,61,61"
4315,Die Kleine Galerie,0037183d-faf7-4df8-a8b6-c5b3d658b1df,1745-1747,1745.0,1747.0,LONG_GALLERIES,"25G41,25I9,35,41A7751,48C24,92C3","2,2,2,2,2,3,3,4,4,4,4,9","25,25,25,25,25,35,35,41,41,41,48,92"
4316,Das Audienz- und Speisezimmer,0ed7da70-7876-41c7-93d6-d89599fbe0ac,1745-1747,1745.0,1747.0,DINING_ROOMS,"25G41,26B3,33C215,41A773,92D1916,96A43","2,2,2,2,3,3,4,4,9,9,9,9","25,25,26,26,33,33,41,41,92,92,96,96"
4316,Das Audienz- und Speisezimmer,0ed7da70-7876-41c7-93d6-d89599fbe0ac,1745-1747,1745.0,1747.0,PRESENCE_CHAMBERS,"25G41,26B3,33C215,41A773,92D1916,96A43","2,2,2,2,3,3,4,4,9,9,9,9","25,25,26,26,33,33,41,41,92,92,96,96"
4319,Das Zweite Gästezimmer,8066112f-1b42-4bc0-b11a-ec76d81a860c,1745-1747,1745.0,1747.0,GUEST_ROOMS,"25G21,41A646,41C317,41C322,41C323,41C345,41C7112,47H6,48A98211,48C1621","2,4,4,4,4,4,4,4,4,4,4,4,4","25,41,41,41,41,41,41,41,41,47,47,48,48"
4320,Das Vestibül,8a7524ce-0de4-4853-bce1-c494c9110a51,1745-1747,1745.0,1747.0,VESTIBULES,"25G41,92B11221,92D1916","2,9,9","25,92,92"
4321,Das Arbeits- und Schlafzimmer,91c46d31-717d-4126-8616-544766646003,1745-1747,1745.0,1747.0,BEDROOMS,"12F212,23G44,25F33,25G21,25G41,33B1,45A10,45A20,48C901,92B3,92D1916,96A43","1,1,2,2,2,2,2,2,2,2,3,3,4,4,4,4,4,4,9,9,9,9,9,9","12,12,23,23,25,25,25,25,25,25,33,33,45,45,45,45,48,48,92,92,92,92,96,96"
4321,Das Arbeits- und Schlafzimmer,91c46d31-717d-4126-8616-544766646003,1745-1747,1745.0,1747.0,COUNTING_ROOMS,"12F212,23G44,25F33,25G21,25G41,33B1,45A10,45A20,48C901,92B3,92D1916,96A43","1,1,2,2,2,2,2,2,2,2,3,3,4,4,4,4,4,4,9,9,9,9,9,9","12,12,23,23,25,25,25,25,25,25,33,33,45,45,45,45,48,48,92,92,92,92,96,96"
4322,Das Erste Gästezimmer,9b529ef3-9b28-4e67-98e9-68785f71b69c,1745-1747,1745.0,1747.0,GUEST_ROOMS,"25F37(HERON),25G3,25H1,25I6,31A56,31A71,42E31,43C11,47I221,47I2211","2,2,2,2,2,2,2,3,3,3,4,4,4,4","25,25,25,25,25,25,25,31,31,31,42,43,47,47"
4324,Das Dritte Gästezimmer,cec03a92-abab-4373-a7c7-681567de675c,1745-1747,1745.0,1747.0,GUEST_ROOMS,"25G21,31AA221,41C3212,41C322,41C323,41C345,41C38,41C7112,47H6,47I4223,48C24","2,3,4,4,4,4,4,4,4,4,4","25,31,41,41,41,41,41,41,47,47,48"
4329,Hofseitiger Salon,1dc4fea1-f93b-4410-ae82-ff8c058924f8,1726-1728,1726.0,1728.0,HALLS,"43C11,48A9872,92C392,92D1916","4,4,9,9","43,48,92,92"
4331,Hofseitiges Kabinett,63eee1b4-4b87-47b9-a288-71a32fe26f2f,1726-1728,1726.0,1728.0,CABINETS_ROOMS,"92A1,92B4,92B5,92C3,92C4,92H1,93A2,94L","9,9,9,9,9,9,9,9","92,92,92,92,92,92,93,94"
4332,Erster Salon an der Gartenseite rechts,9357bc26-5cd7-4480-a0df-ad40ad0d7a34,1726-1728,1726.0,1728.0,ANTEROOMS,"23A45,92B3911,92C152,92C3,92C421,92D121,92E55,92H5,94L221(+0),95A(ICARUS)68,95B(SCYLLA),96A1821,97C1(+0)","2,9,9,9,9,9,9,9,9,9,9,9,9","23,92,92,92,92,92,92,92,94,95,95,96,97"
4333,Der Hauptsaal im ersten Obergeschoss,b0ac858e-5b76-4db4-9f83-eec374f9cab8,1701-1704,1701.0,1704.0,MAIN_HALLS,"25F33(Falcon),25F37(HERON),43C1113,43C114,43CC114,43CC1146","2,2,2,2,2,2,2,4,4,4,4,4,4,4,4,4,4,4,4,4,4,4,4,4","25,25,25,25,25,25,25,43,43,43,43,43,43,43,43,43,43,43,43,43,43,43,43,43"
4338,Das Treppenhaus,2c0e9580-6eba-4d8e-a9af-d3b429202f96,1707-1708,1707.0,1708.0,STAIRWELLS,"92B4,92C4,92C454","9,9,9","92,92,92"
4351,Das Kapelleninnere,ad8c4346-319e-4763-936c-f0bbe2b1d5f3,1761,1761.0,1761.0,ROYAL_CHAPELS_ROOMS,"11HH(CATHERINE),73D15","1,7","11,73"
4375,Barocksaal,84af3a78-7fff-478d-8072-b96b3add13f2,1698,1698.0,1698.0,MAIN_HALLS,"25F24(STAG)(+551),25G3(Laurel)(+22),25G4(REED),25GG,25GG3,25HH113,25HH151,25HH213,25HH2143,25I3,26A,43C11124,43C1131,43C114,43C1142,43C1147,44B191,44B192,44B197,45C16(RIFLE),48A98313,48A98341,48A9876,48AA98311,48AA9833,48AA9844,48AA9853,48C51562,92C3,92C392,92D1916,97C1,97C1(+0)","2,2,2,2,2,2,2,2,2,2,2,2,2,2,2,2,2,2,2,2,2,2,2,4,4,4,4,4,4,4,4,4,4,4,4,4,4,4,4,4,4,4,4,4,4,4,4,4,4,4,4,9,9,9,9,9,9,9,9,9","25,25,25,25,25,25,25,25,25,25,25,25,25,25,25,25,25,25,25,25,26,26,26,43,43,43,43,43,43,43,44,44,44,44,45,48,48,48,48,48,48,48,48,48,48,48,48,48,48,48,48,92,92,92,92,92,92,97,97,97"
4379,Das Vorzimmer,0587fe25-9dc6-4271-a814-44f9239a57ec,1695-1699,1695.0,1699.0,ANTEROOMS,"21,21A,21B,21C,21D,25C11,25HH1,25I9,32B33(TURKS),45B31,46A16331,92B252,92C47,96B661","2,2,2,2,2,2,2,2,3,4,4,9,9,9","21,21,21,21,21,25,25,25,32,45,46,92,92,96"
4380,Das Schlafzimmer mit seinem Alkoven,b92217be-8eeb-4aa2-9c10-4edda37eb9cc,1695-1699,1695.0,1699.0,BEDROOMS,"11I62(DAVID)32,25F24(STAG),25F34,25F35(Parrot),25F35(Peacock),43A433,43C92,48A98,48A9872,92B1218,92BB121,92D1916,92H1,92H2,92L551,94L321,96A5(JUSTITIA),96A5(PRUDENTIA),96C(ROMULUS)122","1,2,2,2,2,4,4,4,4,9,9,9,9,9,9,9,9,9,9","11,25,25,25,25,43,43,48,48,92,92,92,92,92,92,94,96,96,96"
4381,"Das Audienzzimmer, sog. Gobelinzimmer",f03be33b-8fd6-4998-b384-de40423ab637,1695-1699,1695.0,1699.0,PRESENCE_CHAMBERS,"23F4,23F41,23F42,23F43,23F44,25G3(PALM-TREE)(+2),92B3711,92D1916","2,2,2,2,2,2,9,9","23,23,23,23,23,25,92,92"
4392,Kabinett neben dem Schlafzimmer,35bda5b1-4190-47fd-99ba-9622c3aa81e4,1776,1776.0,1776.0,CABINETS_ROOMS,"23O23,92B17,94R(CASTOR)7,94R(POLLUX)7","2,9,9,9","23,92,94,94"
4393,Chambre à coucher mit Alkoven,a6e99ae2-ca77-40fe-a730-bad34543b99e,1776,1776.0,1776.0,BEDROOMS,"31D112,42A52","3,4","31,42"
4394,Treppenhaus,5f0f17f8-13b2-470f-816c-f766dc02f939,1776,1776.0,1776.0,STAIRWELLS,"22C311,23R11,23R113,23R13,23R14,23R140,23R310,23R320,24A81,24B6,25F711(DRAGON-FLY),25G41(Rose),41B32,46C181,92B3711,92B379,92D1916,92E42","2,2,2,2,2,2,2,2,2,2,2,2,4,4,9,9,9,9","22,23,23,23,23,23,23,23,24,24,25,25,41,46,92,92,92,92"
4403,Bibliothek,1b220a5b-17cd-4888-b18b-9b7e8b034ae6,um 1730,1730.0,1730.0,LIBRARIES_ROOMS,"25G41,31A311,31A5331,41A421,41A7122,41A731,41D221(HAT),46B311,49D5111,49E122,49MM32,92D19164","2,3,3,4,4,4,4,4,4,4,4,9,9","25,31,31,41,41,41,41,46,49,49,49,92,92"
4416,Der Börsensaal,630b4f74-c26f-4d4b-bf27-0e4a951168d2,1678-87,1678.0,1687.0,BOARDROOMS,"11N3,25B1,25B2,25B3,25B4,25F24(CAMEL),25F42,25HH2130(...),44B191,46C131,57A6(+11),91B111,92B5,92C29,92D18(ARROW),92D1916,92L5,94L78,94L8(CLUB),94L8(LIONS SKIN)","1,2,2,2,2,2,2,2,4,4,5,9,9,9,9,9,9,9,9,9","11,25,25,25,25,25,25,25,44,46,57,91,92,92,92,92,92,94,94,94"
4420,Der Saal,bccb9417-e2f4-4591-84d0-24650fee8c19,1710-1711,1710.0,1711.0,HALLS,"23O12,23O21,23O32,23O33,23O42,23O43,23R140,26B2,31B10,92C41111,92D156,92D1913,92D1921,92D6,92E42,92H1,92H391,92I23,92L2,92L41,92L5","2,2,2,2,2,2,2,2,3,9,9,9,9,9,9,9,9,9,9,9,9","23,23,23,23,23,23,23,26,31,92,92,92,92,92,92,92,92,92,92,92,92"
4430,Schlosskappelle,b0380215-865e-463b-9052-b141fe8933fc,"1740–1741, 1768",1740.0,1768.0,CHAPELS_ROOMS,"11D3,11F,11F12,11F81,11H(KONRAD BISCHOF VON KONSTANZ),11I,11Q7141,11Q756","1,1,1,1,1,1,1,1,1","11,11,11,11,11,11,11,11,11"
4433,Der Festsaal,8de54d6d-b9c8-44c9-81c6-c3f44852da17,1794-1795,1794.0,1795.0,MAIN_HALLS,"41E2,48C161,48C1622","4,4,4","41,48,48"
4440,Die Kapelle im nordöstlichen Wirtschaftsgebäude der Vorburg,0d7f6230-45ad-4c3e-9722-1f1562937486,1750-1755,1750.0,1755.0,CHAPELS_ROOMS,"11B32,11F232,11G1911,73B64","1,1,1,7","11,11,11,73"
4450,Das Audienzzimmer der Fürstäbtissin,cdb9524a-79ba-42e8-9f4f-abe7eaffb172,1726-1728,1726.0,1728.0,PRESENCE_CHAMBERS,"11H(JOHN)12,11H(LUKE)12(+0),11H(LUKE)51(+0),11H(MARK)12,11H(MATTHEW)12","1,1,1,1,1","11,11,11,11,11"
4453,Die Schlosskapelle,be35d424-4b50-4bbb-a0d7-273d6527429a,1766,1766.0,1766.0,ROYAL_CHAPELS_ROOMS,"11B,11H(CATHERINE)6,11H(GEORGE),11H(GEORGE)41,11H(GEORGE)6,11H(KATHARINA),11HH(CATHERINE)41,11HH(CATHERINE)6,11M3,11M32,11M33,11P11,44B194","1,1,1,1,1,1,1,1,1,1,1,1,1,4","11,11,11,11,11,11,11,11,11,11,11,11,11,44"
4457,Adlersaal,a5a5055c-a94c-4075-9c71-ab51db752c50,1721-1724,1721.0,1724.0,BANQUET_HALLS,25F33(EAGLE),2,25
4470,Raum im 1. OG,853d9e17-83a2-43a2-b71e-51e8a989d92e,1653–1700,1653.0,1700.0,OFFICES_WORK_SPACES,"25G4(ACANTHUS),49D342","2,4","25,49"
4475,Die Eingangshalle,6564718a-6979-4607-af0e-b03aea5edca9,1785,1785.0,1785.0,VESTIBULES,"25H1,31D2(3),41D42,42A31,43B12,43B13,43C92,46A2221,46AA14,47H31,47I221","2,3,4,4,4,4,4,4,4,4,4","25,31,41,42,43,43,43,46,46,47,47"
4488,Vorzimmer des Herzogs,d39e8b4e-efe6-4283-9063-a5be3a508ce9,1725-1733,1725.0,1733.0,ANTEROOMS,"11N32,25F42(VIPER),52A6,57A6,57AA61,59B5,92C473,92D17,92L17","1,2,5,5,5,5,9,9,9","11,25,52,57,57,59,92,92,92"
4490,Der Oval- beziehungsweise Marmorsaal,43b9a288-2d16-48c4-95f9-952506509adc,"1725-1733, 1815/16",1725.0,1733.0,HALLS,48C1642,4,48
4507,Das ehemalige Treppenhaus,ee8ac76b-e22b-445d-9f3e-20bb6595bf07,1762,1762.0,1762.0,STAIRWELLS,"11D113,11D121,11FF441,11G191,11G1911,11G192,11G1921,11GG191,11H(DOMINIC)341,11H(VITUS)7(+2),11HH(CATHERINE),11N32(+3),11N33(+3),11P31111,11Q22,11T6,24B(+0),24B31,25B1,25B2,25B3,25B4,25F43,25G3(PALM-TREE)(+221),25G41(LILY),25G41(Rose),25G4111,25H11,26A,26E2,31A22210,31F11,31F12,41A4231,41A7221,41C27(CAULDRON),41D221(TURBAN),41D2632,41D26611,41D2662,41D2665,44B191,44BB1212,44BB191,44BB192,44BB197,45C15(BOW AND ARROW),45C19(SHIELD),45C23,45H(+31),46C13141,48A9863,48A9875,48A9876,49L16,61BB2(MARIA THERESA - EMPRESS OF AUSTRIA)13,73D82(CROWN OF THORNS),92B11221,92D1916","1,1,1,1,1,1,1,1,1,1,1,1,1,1,1,1,1,1,1,1,1,1,1,2,2,2,2,2,2,2,2,2,2,2,2,2,2,2,2,2,2,2,2,2,2,2,2,2,2,2,3,3,3,3,3,4,4,4,4,4,4,4,4,4,4,4,4,4,4,4,4,4,4,4,4,4,4,4,4,4,4,4,4,4,4,4,4,4,4,4,4,4,6,7,9,9,9,9","11,11,11,11,11,11,11,11,11,11,11,11,11,11,11,11,11,11,11,11,11,11,11,24,24,24,25,25,25,25,25,25,25,25,25,25,25,25,25,25,25,25,25,25,25,26,26,26,26,26,31,31,31,31,31,41,41,41,41,41,41,41,41,41,41,41,41,41,41,44,44,44,44,44,44,44,44,44,45,45,45,45,45,45,45,46,48,48,48,48,48,49,61,73,92,92,92,92"
4514,Die Kapelle St. Hubertus,ee02a5ac-7306-43fc-a7fe-607581e04b74,1714-1715,1714.0,1715.0,CHAPELS_ROOMS,"11E1,11H(ANTONY OF PADUA)54,11H(FRANCIS XAVIER)41,11H(FRANCIS XAVIER)68,11H(FRANCIS)342,11H(FRANCIS)59,11H(JOHN NEPOMUK)6,11H(JOHN NEPOMUK)681(+0),11H(JOSEPH)4,11H(ROCH)61,11HH(AGATHA)6,11HH(LUCY)64(+0),71H136,71H88321,71K21232,71L243,71L2438,71M12,73B64,73B69,73E77","1,1,1,1,1,1,1,1,1,1,1,1,7,7,7,7,7,7,7,7,7","11,11,11,11,11,11,11,11,11,11,11,11,71,71,71,71,71,71,73,73,73"
4529,Das Otaheitische Kabinett,9ad9ea8a-b7c3-4356-9a2e-ee142f4e88de,1794-1795,1794.0,1795.0,CABINETS_ROOMS,"25F3,25G3,25G3(PALM-TREE),25G4,25G41","2,2,2,2,2,2","25,25,25,25,25,25"
4532,Seminarkapelle St. Karl Borromäus,19ff5935-d4e4-438e-bc0f-1722e488dc72,1763–1765,1763.0,1765.0,CHAPELS_ROOMS,"11C11,11D,11F,11G,11H(CHARLES BORROMEO),11I3,11Q7324,11Q758,31A4621,41A4231,48C14,48C7311","1,1,1,1,1,1,1,1,3,4,4,4,4","11,11,11,11,11,11,11,11,31,41,48,48,48"
4533,Der Gartensaal,98cdd20b-3815-419e-b5b3-749da319ceb4,1750–1752,1750.0,1752.0,SALA_TERRENA,25G4111,"2,2","25,25"
4534,Der Theatersaal im 1. Obergeschoss,bffc18ec-6c18-42ca-b625-62a9f22cff73,1750–1752,1750.0,1752.0,HALLS,"33C84,35,41A642,43AA2,46A222,46A2221,48C72,48C9015,48CC7324,48CC73513","3,3,3,3,4,4,4,4,4,4,4,4,4,4,4,4,4,4,4,4","33,33,35,35,41,41,43,43,46,46,46,46,48,48,48,48,48,48,48,48"
4534,Der Theatersaal im 1. Obergeschoss,bffc18ec-6c18-42ca-b625-62a9f22cff73,1750–1752,1750.0,1752.0,THEATERS_ROOMS,"33C84,35,41A642,43AA2,46A222,46A2221,48C72,48C9015,48CC7324,48CC73513","3,3,3,3,4,4,4,4,4,4,4,4,4,4,4,4,4,4,4,4","33,33,35,35,41,41,43,43,46,46,46,46,48,48,48,48,48,48,48,48"
